{
    "Baden-Württemberg": {
        "2002": {
            "year_average": 1357.0,
            "year_average_counter": 60,
            "days_above_limit": 1029.0,
            "days_above_limit_counter": 60,
            "days_above_limit_cleaned": 0.0,
            "days_above_limit_cleaned_counter": 60
        },
        "2003": {
            "year_average": 1459.0,
            "year_average_counter": 56,
            "days_above_limit": 1255.0,
            "days_above_limit_counter": 56,
            "days_above_limit_cleaned": 0.0,
            "days_above_limit_cleaned_counter": 56
        },
        "2004": {
            "year_average": 824.0,
            "year_average_counter": 38,
            "days_above_limit": 482.0,
            "days_above_limit_counter": 38,
            "days_above_limit_cleaned": 0.0,
            "days_above_limit_cleaned_counter": 38
        },
        "2005": {
            "year_average": 1401.0,
            "year_average_counter": 56,
            "days_above_limit": 1173.0,
            "days_above_limit_counter": 56,
            "days_above_limit_cleaned": 0.0,
            "days_above_limit_cleaned_counter": 56
        },
        "2006": {
            "year_average": 1955.0,
            "year_average_counter": 69,
            "days_above_limit": 2547.0,
            "days_above_limit_counter": 69,
            "days_above_limit_cleaned": 0.0,
            "days_above_limit_cleaned_counter": 69
        },
        "2007": {
            "year_average": 1695.0,
            "year_average_counter": 70,
            "days_above_limit": 1507.0,
            "days_above_limit_counter": 70,
            "days_above_limit_cleaned": 0.0,
            "days_above_limit_cleaned_counter": 70
        },
        "2008": {
            "year_average": 1524.0,
            "year_average_counter": 69,
            "days_above_limit": 1103.0,
            "days_above_limit_counter": 69,
            "days_above_limit_cleaned": 0.0,
            "days_above_limit_cleaned_counter": 69
        },
        "2009": {
            "year_average": 1524.0,
            "year_average_counter": 65,
            "days_above_limit": 1360.0,
            "days_above_limit_counter": 65,
            "days_above_limit_cleaned": 0.0,
            "days_above_limit_cleaned_counter": 65
        },
        "2010": {
            "year_average": 1517.0,
            "year_average_counter": 62,
            "days_above_limit": 1679.0,
            "days_above_limit_counter": 62,
            "days_above_limit_cleaned": 0.0,
            "days_above_limit_cleaned_counter": 62
        },
        "2011": {
            "year_average": 1324.0,
            "year_average_counter": 55,
            "days_above_limit": 1299.0,
            "days_above_limit_counter": 55,
            "days_above_limit_cleaned": 0.0,
            "days_above_limit_cleaned_counter": 55
        },
        "2012": {
            "year_average": 1126.0,
            "year_average_counter": 53,
            "days_above_limit": 794.0,
            "days_above_limit_counter": 53,
            "days_above_limit_cleaned": 0.0,
            "days_above_limit_cleaned_counter": 53
        },
        "2013": {
            "year_average": 1206.0,
            "year_average_counter": 54,
            "days_above_limit": 999.0,
            "days_above_limit_counter": 54,
            "days_above_limit_cleaned": 0.0,
            "days_above_limit_cleaned_counter": 54
        },
        "2014": {
            "year_average": 943.0,
            "year_average_counter": 48,
            "days_above_limit": 487.0,
            "days_above_limit_counter": 48,
            "days_above_limit_cleaned": 0.0,
            "days_above_limit_cleaned_counter": 48
        },
        "2015": {
            "year_average": 876.0,
            "year_average_counter": 44,
            "days_above_limit": 395.0,
            "days_above_limit_counter": 44,
            "days_above_limit_cleaned": 68.0,
            "days_above_limit_cleaned_counter": 44
        },
        "2016": {
            "year_average": 871.4,
            "year_average_counter": 47,
            "days_above_limit": 305.0,
            "days_above_limit_counter": 47,
            "days_above_limit_cleaned": 196.0,
            "days_above_limit_cleaned_counter": 47
        },
        "2017": {
            "year_average": 805.7,
            "year_average_counter": 44,
            "days_above_limit": 526.0,
            "days_above_limit_counter": 44,
            "days_above_limit_cleaned": 62.0,
            "days_above_limit_cleaned_counter": 44
        },
        "2018": {
            "year_average": 751.0,
            "year_average_counter": 42,
            "days_above_limit": 237.0,
            "days_above_limit_counter": 42,
            "days_above_limit_cleaned": 20.0,
            "days_above_limit_cleaned_counter": 42
        },
        "2019": {
            "year_average": 665.2,
            "year_average_counter": 41,
            "days_above_limit": 165.0,
            "days_above_limit_counter": 41,
            "days_above_limit_cleaned": 0.0,
            "days_above_limit_cleaned_counter": 41
        },
        "2020": {
            "year_average": 550.3,
            "year_average_counter": 38,
            "days_above_limit": 101.0,
            "days_above_limit_counter": 38,
            "days_above_limit_cleaned": 26.0,
            "days_above_limit_cleaned_counter": 38
        }
    },
    "Bayern": {
        "2002": {
            "year_average": 1535.0,
            "year_average_counter": 50,
            "days_above_limit": 1967.0,
            "days_above_limit_counter": 50,
            "days_above_limit_cleaned": 0.0,
            "days_above_limit_cleaned_counter": 50
        },
        "2003": {
            "year_average": 1406.0,
            "year_average_counter": 41,
            "days_above_limit": 2285.0,
            "days_above_limit_counter": 41,
            "days_above_limit_cleaned": 0.0,
            "days_above_limit_cleaned_counter": 41
        },
        "2004": {
            "year_average": 1261.0,
            "year_average_counter": 47,
            "days_above_limit": 1280.0,
            "days_above_limit_counter": 47,
            "days_above_limit_cleaned": 0.0,
            "days_above_limit_cleaned_counter": 47
        },
        "2005": {
            "year_average": 1324.0,
            "year_average_counter": 49,
            "days_above_limit": 1270.0,
            "days_above_limit_counter": 49,
            "days_above_limit_cleaned": 0.0,
            "days_above_limit_cleaned_counter": 49
        },
        "2006": {
            "year_average": 1388.0,
            "year_average_counter": 50,
            "days_above_limit": 1598.0,
            "days_above_limit_counter": 50,
            "days_above_limit_cleaned": 0.0,
            "days_above_limit_cleaned_counter": 50
        },
        "2007": {
            "year_average": 1172.0,
            "year_average_counter": 51,
            "days_above_limit": 805.0,
            "days_above_limit_counter": 51,
            "days_above_limit_cleaned": 0.0,
            "days_above_limit_cleaned_counter": 51
        },
        "2008": {
            "year_average": 1118.0,
            "year_average_counter": 51,
            "days_above_limit": 552.0,
            "days_above_limit_counter": 51,
            "days_above_limit_cleaned": 0.0,
            "days_above_limit_cleaned_counter": 51
        },
        "2009": {
            "year_average": 1191.0,
            "year_average_counter": 51,
            "days_above_limit": 845.0,
            "days_above_limit_counter": 51,
            "days_above_limit_cleaned": 0.0,
            "days_above_limit_cleaned_counter": 51
        },
        "2010": {
            "year_average": 1159.0,
            "year_average_counter": 49,
            "days_above_limit": 1031.0,
            "days_above_limit_counter": 49,
            "days_above_limit_cleaned": 0.0,
            "days_above_limit_cleaned_counter": 49
        },
        "2011": {
            "year_average": 1063.0,
            "year_average_counter": 47,
            "days_above_limit": 906.0,
            "days_above_limit_counter": 47,
            "days_above_limit_cleaned": 0.0,
            "days_above_limit_cleaned_counter": 47
        },
        "2012": {
            "year_average": 649.0,
            "year_average_counter": 32,
            "days_above_limit": 353.0,
            "days_above_limit_counter": 32,
            "days_above_limit_cleaned": 0.0,
            "days_above_limit_cleaned_counter": 32
        },
        "2013": {
            "year_average": 665.0,
            "year_average_counter": 32,
            "days_above_limit": 420.0,
            "days_above_limit_counter": 32,
            "days_above_limit_cleaned": 150.0,
            "days_above_limit_cleaned_counter": 32
        },
        "2014": {
            "year_average": 630.0,
            "year_average_counter": 33,
            "days_above_limit": 332.0,
            "days_above_limit_counter": 33,
            "days_above_limit_cleaned": 52.0,
            "days_above_limit_cleaned_counter": 33
        },
        "2015": {
            "year_average": 608.0,
            "year_average_counter": 32,
            "days_above_limit": 162.0,
            "days_above_limit_counter": 32,
            "days_above_limit_cleaned": 39.0,
            "days_above_limit_cleaned_counter": 32
        },
        "2016": {
            "year_average": 549.1,
            "year_average_counter": 32,
            "days_above_limit": 77.0,
            "days_above_limit_counter": 32,
            "days_above_limit_cleaned": 24.0,
            "days_above_limit_cleaned_counter": 32
        },
        "2017": {
            "year_average": 574.5,
            "year_average_counter": 32,
            "days_above_limit": 390.0,
            "days_above_limit_counter": 32,
            "days_above_limit_cleaned": 109.0,
            "days_above_limit_cleaned_counter": 32
        },
        "2018": {
            "year_average": 596.0,
            "year_average_counter": 32,
            "days_above_limit": 196.0,
            "days_above_limit_counter": 32,
            "days_above_limit_cleaned": 47.0,
            "days_above_limit_cleaned_counter": 32
        },
        "2019": {
            "year_average": 518.8,
            "year_average_counter": 32,
            "days_above_limit": 97.0,
            "days_above_limit_counter": 32,
            "days_above_limit_cleaned": 0.0,
            "days_above_limit_cleaned_counter": 32
        },
        "2020": {
            "year_average": 477.4,
            "year_average_counter": 32,
            "days_above_limit": 80.0,
            "days_above_limit_counter": 32,
            "days_above_limit_cleaned": 0.0,
            "days_above_limit_cleaned_counter": 32
        }
    },
    "Berlin": {
        "2002": {
            "year_average": 398.0,
            "year_average_counter": 13,
            "days_above_limit": 602.0,
            "days_above_limit_counter": 13,
            "days_above_limit_cleaned": 0.0,
            "days_above_limit_cleaned_counter": 13
        },
        "2003": {
            "year_average": 464.0,
            "year_average_counter": 14,
            "days_above_limit": 736.0,
            "days_above_limit_counter": 14,
            "days_above_limit_cleaned": 0.0,
            "days_above_limit_cleaned_counter": 14
        },
        "2004": {
            "year_average": 290.0,
            "year_average_counter": 11,
            "days_above_limit": 256.0,
            "days_above_limit_counter": 11,
            "days_above_limit_cleaned": 0.0,
            "days_above_limit_cleaned_counter": 11
        },
        "2005": {
            "year_average": 381.0,
            "year_average_counter": 13,
            "days_above_limit": 463.0,
            "days_above_limit_counter": 13,
            "days_above_limit_cleaned": 0.0,
            "days_above_limit_cleaned_counter": 13
        },
        "2006": {
            "year_average": 412.0,
            "year_average_counter": 13,
            "days_above_limit": 524.0,
            "days_above_limit_counter": 13,
            "days_above_limit_cleaned": 0.0,
            "days_above_limit_cleaned_counter": 13
        },
        "2007": {
            "year_average": 322.0,
            "year_average_counter": 13,
            "days_above_limit": 213.0,
            "days_above_limit_counter": 13,
            "days_above_limit_cleaned": 0.0,
            "days_above_limit_cleaned_counter": 13
        },
        "2008": {
            "year_average": 317.0,
            "year_average_counter": 13,
            "days_above_limit": 138.0,
            "days_above_limit_counter": 13,
            "days_above_limit_cleaned": 0.0,
            "days_above_limit_cleaned_counter": 13
        },
        "2009": {
            "year_average": 383.0,
            "year_average_counter": 14,
            "days_above_limit": 325.0,
            "days_above_limit_counter": 14,
            "days_above_limit_cleaned": 0.0,
            "days_above_limit_cleaned_counter": 14
        },
        "2010": {
            "year_average": 400.0,
            "year_average_counter": 14,
            "days_above_limit": 516.0,
            "days_above_limit_counter": 14,
            "days_above_limit_cleaned": 0.0,
            "days_above_limit_cleaned_counter": 14
        },
        "2011": {
            "year_average": 320.0,
            "year_average_counter": 12,
            "days_above_limit": 439.0,
            "days_above_limit_counter": 12,
            "days_above_limit_cleaned": 0.0,
            "days_above_limit_cleaned_counter": 12
        },
        "2012": {
            "year_average": 283.0,
            "year_average_counter": 12,
            "days_above_limit": 203.0,
            "days_above_limit_counter": 12,
            "days_above_limit_cleaned": 0.0,
            "days_above_limit_cleaned_counter": 12
        },
        "2013": {
            "year_average": 289.0,
            "year_average_counter": 12,
            "days_above_limit": 216.0,
            "days_above_limit_counter": 12,
            "days_above_limit_cleaned": 0.0,
            "days_above_limit_cleaned_counter": 12
        },
        "2014": {
            "year_average": 298.0,
            "year_average_counter": 11,
            "days_above_limit": 335.0,
            "days_above_limit_counter": 11,
            "days_above_limit_cleaned": 0.0,
            "days_above_limit_cleaned_counter": 11
        },
        "2015": {
            "year_average": 256.0,
            "year_average_counter": 11,
            "days_above_limit": 199.0,
            "days_above_limit_counter": 11,
            "days_above_limit_cleaned": 0.0,
            "days_above_limit_cleaned_counter": 11
        },
        "2016": {
            "year_average": 255.0,
            "year_average_counter": 11,
            "days_above_limit": 97.0,
            "days_above_limit_counter": 11,
            "days_above_limit_cleaned": 0.0,
            "days_above_limit_cleaned_counter": 11
        },
        "2017": {
            "year_average": 247.0,
            "year_average_counter": 11,
            "days_above_limit": 168.0,
            "days_above_limit_counter": 11,
            "days_above_limit_cleaned": 0.0,
            "days_above_limit_cleaned_counter": 11
        },
        "2018": {
            "year_average": 259.0,
            "year_average_counter": 11,
            "days_above_limit": 143.0,
            "days_above_limit_counter": 11,
            "days_above_limit_cleaned": 0.0,
            "days_above_limit_cleaned_counter": 11
        },
        "2019": {
            "year_average": 216.0,
            "year_average_counter": 11,
            "days_above_limit": 51.0,
            "days_above_limit_counter": 11,
            "days_above_limit_cleaned": 0.0,
            "days_above_limit_cleaned_counter": 11
        },
        "2020": {
            "year_average": 196.0,
            "year_average_counter": 11,
            "days_above_limit": 30.0,
            "days_above_limit_counter": 11,
            "days_above_limit_cleaned": 0.0,
            "days_above_limit_cleaned_counter": 11
        }
    },
    "Brandenburg": {
        "2002": {
            "year_average": 502.0,
            "year_average_counter": 21,
            "days_above_limit": 393.0,
            "days_above_limit_counter": 21,
            "days_above_limit_cleaned": 0.0,
            "days_above_limit_cleaned_counter": 21
        },
        "2003": {
            "year_average": 584.0,
            "year_average_counter": 21,
            "days_above_limit": 671.0,
            "days_above_limit_counter": 21,
            "days_above_limit_cleaned": 0.0,
            "days_above_limit_cleaned_counter": 21
        },
        "2004": {
            "year_average": 468.0,
            "year_average_counter": 21,
            "days_above_limit": 260.0,
            "days_above_limit_counter": 21,
            "days_above_limit_cleaned": 0.0,
            "days_above_limit_cleaned_counter": 21
        },
        "2005": {
            "year_average": 627.0,
            "year_average_counter": 24,
            "days_above_limit": 620.0,
            "days_above_limit_counter": 24,
            "days_above_limit_cleaned": 0.0,
            "days_above_limit_cleaned_counter": 24
        },
        "2006": {
            "year_average": 820.0,
            "year_average_counter": 28,
            "days_above_limit": 959.0,
            "days_above_limit_counter": 28,
            "days_above_limit_cleaned": 0.0,
            "days_above_limit_cleaned_counter": 28
        },
        "2007": {
            "year_average": 556.0,
            "year_average_counter": 24,
            "days_above_limit": 388.0,
            "days_above_limit_counter": 24,
            "days_above_limit_cleaned": 0.0,
            "days_above_limit_cleaned_counter": 24
        },
        "2008": {
            "year_average": 566.0,
            "year_average_counter": 25,
            "days_above_limit": 274.0,
            "days_above_limit_counter": 25,
            "days_above_limit_cleaned": 0.0,
            "days_above_limit_cleaned_counter": 25
        },
        "2009": {
            "year_average": 565.0,
            "year_average_counter": 24,
            "days_above_limit": 383.0,
            "days_above_limit_counter": 24,
            "days_above_limit_cleaned": 0.0,
            "days_above_limit_cleaned_counter": 24
        },
        "2010": {
            "year_average": 609.0,
            "year_average_counter": 23,
            "days_above_limit": 754.0,
            "days_above_limit_counter": 23,
            "days_above_limit_cleaned": 0.0,
            "days_above_limit_cleaned_counter": 23
        },
        "2011": {
            "year_average": 536.0,
            "year_average_counter": 21,
            "days_above_limit": 735.0,
            "days_above_limit_counter": 21,
            "days_above_limit_cleaned": 0.0,
            "days_above_limit_cleaned_counter": 21
        },
        "2012": {
            "year_average": 468.0,
            "year_average_counter": 23,
            "days_above_limit": 285.0,
            "days_above_limit_counter": 23,
            "days_above_limit_cleaned": 0.0,
            "days_above_limit_cleaned_counter": 23
        },
        "2013": {
            "year_average": 473.0,
            "year_average_counter": 23,
            "days_above_limit": 284.0,
            "days_above_limit_counter": 23,
            "days_above_limit_cleaned": 0.0,
            "days_above_limit_cleaned_counter": 23
        },
        "2014": {
            "year_average": 465.0,
            "year_average_counter": 20,
            "days_above_limit": 372.0,
            "days_above_limit_counter": 20,
            "days_above_limit_cleaned": 0.0,
            "days_above_limit_cleaned_counter": 20
        },
        "2015": {
            "year_average": 456.0,
            "year_average_counter": 23,
            "days_above_limit": 272.0,
            "days_above_limit_counter": 23,
            "days_above_limit_cleaned": 0.0,
            "days_above_limit_cleaned_counter": 23
        },
        "2016": {
            "year_average": 449.0,
            "year_average_counter": 23,
            "days_above_limit": 155.0,
            "days_above_limit_counter": 23,
            "days_above_limit_cleaned": 0.0,
            "days_above_limit_cleaned_counter": 23
        },
        "2017": {
            "year_average": 411.0,
            "year_average_counter": 22,
            "days_above_limit": 269.0,
            "days_above_limit_counter": 22,
            "days_above_limit_cleaned": 0.0,
            "days_above_limit_cleaned_counter": 22
        },
        "2018": {
            "year_average": 441.0,
            "year_average_counter": 22,
            "days_above_limit": 192.0,
            "days_above_limit_counter": 22,
            "days_above_limit_cleaned": 0.0,
            "days_above_limit_cleaned_counter": 22
        },
        "2019": {
            "year_average": 392.0,
            "year_average_counter": 23,
            "days_above_limit": 112.0,
            "days_above_limit_counter": 23,
            "days_above_limit_cleaned": 0.0,
            "days_above_limit_cleaned_counter": 23
        },
        "2020": {
            "year_average": 352.0,
            "year_average_counter": 25,
            "days_above_limit": 29.0,
            "days_above_limit_counter": 25,
            "days_above_limit_cleaned": 0.0,
            "days_above_limit_cleaned_counter": 25
        }
    },
    "Bremen": {
        "2002": {
            "year_average": 135.0,
            "year_average_counter": 5,
            "days_above_limit": 97.0,
            "days_above_limit_counter": 5,
            "days_above_limit_cleaned": 0.0,
            "days_above_limit_cleaned_counter": 5
        },
        "2003": {
            "year_average": 179.0,
            "year_average_counter": 6,
            "days_above_limit": 185.0,
            "days_above_limit_counter": 6,
            "days_above_limit_cleaned": 0.0,
            "days_above_limit_cleaned_counter": 6
        },
        "2004": {
            "year_average": 181.0,
            "year_average_counter": 7,
            "days_above_limit": 137.0,
            "days_above_limit_counter": 7,
            "days_above_limit_cleaned": 0.0,
            "days_above_limit_cleaned_counter": 7
        },
        "2005": {
            "year_average": 183.0,
            "year_average_counter": 7,
            "days_above_limit": 162.0,
            "days_above_limit_counter": 7,
            "days_above_limit_cleaned": 0.0,
            "days_above_limit_cleaned_counter": 7
        },
        "2006": {
            "year_average": 215.0,
            "year_average_counter": 8,
            "days_above_limit": 171.0,
            "days_above_limit_counter": 8,
            "days_above_limit_cleaned": 0.0,
            "days_above_limit_cleaned_counter": 8
        },
        "2007": {
            "year_average": 147.0,
            "year_average_counter": 6,
            "days_above_limit": 84.0,
            "days_above_limit_counter": 6,
            "days_above_limit_cleaned": 0.0,
            "days_above_limit_cleaned_counter": 6
        },
        "2008": {
            "year_average": 179.0,
            "year_average_counter": 7,
            "days_above_limit": 133.0,
            "days_above_limit_counter": 7,
            "days_above_limit_cleaned": 0.0,
            "days_above_limit_cleaned_counter": 7
        },
        "2009": {
            "year_average": 155.0,
            "year_average_counter": 7,
            "days_above_limit": 57.0,
            "days_above_limit_counter": 7,
            "days_above_limit_cleaned": 0.0,
            "days_above_limit_cleaned_counter": 7
        },
        "2010": {
            "year_average": 115.0,
            "year_average_counter": 5,
            "days_above_limit": 63.0,
            "days_above_limit_counter": 5,
            "days_above_limit_cleaned": 0.0,
            "days_above_limit_cleaned_counter": 5
        },
        "2011": {
            "year_average": 170.0,
            "year_average_counter": 7,
            "days_above_limit": 148.0,
            "days_above_limit_counter": 7,
            "days_above_limit_cleaned": 0.0,
            "days_above_limit_cleaned_counter": 7
        },
        "2012": {
            "year_average": 140.0,
            "year_average_counter": 7,
            "days_above_limit": 34.0,
            "days_above_limit_counter": 7,
            "days_above_limit_cleaned": 0.0,
            "days_above_limit_cleaned_counter": 7
        },
        "2013": {
            "year_average": 144.0,
            "year_average_counter": 7,
            "days_above_limit": 37.0,
            "days_above_limit_counter": 7,
            "days_above_limit_cleaned": 0.0,
            "days_above_limit_cleaned_counter": 7
        },
        "2014": {
            "year_average": 158.0,
            "year_average_counter": 7,
            "days_above_limit": 102.0,
            "days_above_limit_counter": 7,
            "days_above_limit_cleaned": 0.0,
            "days_above_limit_cleaned_counter": 7
        },
        "2015": {
            "year_average": 136.0,
            "year_average_counter": 7,
            "days_above_limit": 57.0,
            "days_above_limit_counter": 7,
            "days_above_limit_cleaned": 0.0,
            "days_above_limit_cleaned_counter": 7
        },
        "2016": {
            "year_average": 154.0,
            "year_average_counter": 8,
            "days_above_limit": 39.0,
            "days_above_limit_counter": 8,
            "days_above_limit_cleaned": 0.0,
            "days_above_limit_cleaned_counter": 8
        },
        "2017": {
            "year_average": 149.0,
            "year_average_counter": 8,
            "days_above_limit": 81.0,
            "days_above_limit_counter": 8,
            "days_above_limit_cleaned": 0.0,
            "days_above_limit_cleaned_counter": 8
        },
        "2018": {
            "year_average": 158.0,
            "year_average_counter": 8,
            "days_above_limit": 64.0,
            "days_above_limit_counter": 8,
            "days_above_limit_cleaned": 0.0,
            "days_above_limit_cleaned_counter": 8
        },
        "2019": {
            "year_average": 144.0,
            "year_average_counter": 8,
            "days_above_limit": 49.0,
            "days_above_limit_counter": 8,
            "days_above_limit_cleaned": 0.0,
            "days_above_limit_cleaned_counter": 8
        },
        "2020": {
            "year_average": 129.0,
            "year_average_counter": 8,
            "days_above_limit": 10.0,
            "days_above_limit_counter": 8,
            "days_above_limit_cleaned": 0.0,
            "days_above_limit_cleaned_counter": 8
        }
    },
    "Hamburg": {
        "2002": {
            "year_average": 237.0,
            "year_average_counter": 9,
            "days_above_limit": 223.0,
            "days_above_limit_counter": 9,
            "days_above_limit_cleaned": 0.0,
            "days_above_limit_cleaned_counter": 9
        },
        "2003": {
            "year_average": 283.0,
            "year_average_counter": 10,
            "days_above_limit": 303.0,
            "days_above_limit_counter": 10,
            "days_above_limit_cleaned": 0.0,
            "days_above_limit_cleaned_counter": 10
        },
        "2004": {
            "year_average": 264.0,
            "year_average_counter": 11,
            "days_above_limit": 110.0,
            "days_above_limit_counter": 11,
            "days_above_limit_cleaned": 0.0,
            "days_above_limit_cleaned_counter": 11
        },
        "2005": {
            "year_average": 310.0,
            "year_average_counter": 12,
            "days_above_limit": 218.0,
            "days_above_limit_counter": 12,
            "days_above_limit_cleaned": 0.0,
            "days_above_limit_cleaned_counter": 12
        },
        "2006": {
            "year_average": 333.0,
            "year_average_counter": 12,
            "days_above_limit": 313.0,
            "days_above_limit_counter": 12,
            "days_above_limit_cleaned": 0.0,
            "days_above_limit_cleaned_counter": 12
        },
        "2007": {
            "year_average": 293.0,
            "year_average_counter": 12,
            "days_above_limit": 166.0,
            "days_above_limit_counter": 12,
            "days_above_limit_cleaned": 0.0,
            "days_above_limit_cleaned_counter": 12
        },
        "2008": {
            "year_average": 274.0,
            "year_average_counter": 12,
            "days_above_limit": 79.0,
            "days_above_limit_counter": 12,
            "days_above_limit_cleaned": 0.0,
            "days_above_limit_cleaned_counter": 12
        },
        "2009": {
            "year_average": 262.0,
            "year_average_counter": 12,
            "days_above_limit": 78.0,
            "days_above_limit_counter": 12,
            "days_above_limit_cleaned": 0.0,
            "days_above_limit_cleaned_counter": 12
        },
        "2010": {
            "year_average": 250.0,
            "year_average_counter": 11,
            "days_above_limit": 185.0,
            "days_above_limit_counter": 11,
            "days_above_limit_cleaned": 0.0,
            "days_above_limit_cleaned_counter": 11
        },
        "2011": {
            "year_average": 263.0,
            "year_average_counter": 10,
            "days_above_limit": 262.0,
            "days_above_limit_counter": 10,
            "days_above_limit_cleaned": 0.0,
            "days_above_limit_cleaned_counter": 10
        },
        "2012": {
            "year_average": 205.0,
            "year_average_counter": 10,
            "days_above_limit": 59.0,
            "days_above_limit_counter": 10,
            "days_above_limit_cleaned": 0.0,
            "days_above_limit_cleaned_counter": 10
        },
        "2013": {
            "year_average": 227.0,
            "year_average_counter": 11,
            "days_above_limit": 78.0,
            "days_above_limit_counter": 11,
            "days_above_limit_cleaned": 0.0,
            "days_above_limit_cleaned_counter": 11
        },
        "2014": {
            "year_average": 251.0,
            "year_average_counter": 11,
            "days_above_limit": 134.0,
            "days_above_limit_counter": 11,
            "days_above_limit_cleaned": 0.0,
            "days_above_limit_cleaned_counter": 11
        },
        "2015": {
            "year_average": 226.0,
            "year_average_counter": 11,
            "days_above_limit": 114.0,
            "days_above_limit_counter": 11,
            "days_above_limit_cleaned": 0.0,
            "days_above_limit_cleaned_counter": 11
        },
        "2016": {
            "year_average": 208.0,
            "year_average_counter": 11,
            "days_above_limit": 28.0,
            "days_above_limit_counter": 11,
            "days_above_limit_cleaned": 0.0,
            "days_above_limit_cleaned_counter": 11
        },
        "2017": {
            "year_average": 203.0,
            "year_average_counter": 11,
            "days_above_limit": 89.0,
            "days_above_limit_counter": 11,
            "days_above_limit_cleaned": 0.0,
            "days_above_limit_cleaned_counter": 11
        },
        "2018": {
            "year_average": 230.0,
            "year_average_counter": 11,
            "days_above_limit": 72.0,
            "days_above_limit_counter": 11,
            "days_above_limit_cleaned": 0.0,
            "days_above_limit_cleaned_counter": 11
        },
        "2019": {
            "year_average": 209.0,
            "year_average_counter": 11,
            "days_above_limit": 69.0,
            "days_above_limit_counter": 11,
            "days_above_limit_cleaned": 0.0,
            "days_above_limit_cleaned_counter": 11
        },
        "2020": {
            "year_average": 148.0,
            "year_average_counter": 9,
            "days_above_limit": 10.0,
            "days_above_limit_counter": 9,
            "days_above_limit_cleaned": 0.0,
            "days_above_limit_cleaned_counter": 9
        }
    },
    "Hessen": {
        "2002": {
            "year_average": 762.0,
            "year_average_counter": 26,
            "days_above_limit": 960.0,
            "days_above_limit_counter": 26,
            "days_above_limit_cleaned": 0.0,
            "days_above_limit_cleaned_counter": 26
        },
        "2003": {
            "year_average": 802.0,
            "year_average_counter": 28,
            "days_above_limit": 883.0,
            "days_above_limit_counter": 28,
            "days_above_limit_cleaned": 0.0,
            "days_above_limit_cleaned_counter": 28
        },
        "2004": {
            "year_average": 631.0,
            "year_average_counter": 27,
            "days_above_limit": 429.0,
            "days_above_limit_counter": 27,
            "days_above_limit_cleaned": 0.0,
            "days_above_limit_cleaned_counter": 27
        },
        "2005": {
            "year_average": 518.0,
            "year_average_counter": 22,
            "days_above_limit": 327.0,
            "days_above_limit_counter": 22,
            "days_above_limit_cleaned": 0.0,
            "days_above_limit_cleaned_counter": 22
        },
        "2006": {
            "year_average": 632.0,
            "year_average_counter": 27,
            "days_above_limit": 508.0,
            "days_above_limit_counter": 27,
            "days_above_limit_cleaned": 0.0,
            "days_above_limit_cleaned_counter": 27
        },
        "2007": {
            "year_average": 568.0,
            "year_average_counter": 27,
            "days_above_limit": 368.0,
            "days_above_limit_counter": 27,
            "days_above_limit_cleaned": 0.0,
            "days_above_limit_cleaned_counter": 27
        },
        "2008": {
            "year_average": 548.0,
            "year_average_counter": 28,
            "days_above_limit": 184.0,
            "days_above_limit_counter": 28,
            "days_above_limit_cleaned": 0.0,
            "days_above_limit_cleaned_counter": 28
        },
        "2009": {
            "year_average": 609.0,
            "year_average_counter": 28,
            "days_above_limit": 454.0,
            "days_above_limit_counter": 28,
            "days_above_limit_cleaned": 0.0,
            "days_above_limit_cleaned_counter": 28
        },
        "2010": {
            "year_average": 611.0,
            "year_average_counter": 29,
            "days_above_limit": 256.0,
            "days_above_limit_counter": 29,
            "days_above_limit_cleaned": 0.0,
            "days_above_limit_cleaned_counter": 29
        },
        "2011": {
            "year_average": 669.0,
            "year_average_counter": 31,
            "days_above_limit": 543.0,
            "days_above_limit_counter": 31,
            "days_above_limit_cleaned": 0.0,
            "days_above_limit_cleaned_counter": 31
        },
        "2012": {
            "year_average": 620.0,
            "year_average_counter": 32,
            "days_above_limit": 235.0,
            "days_above_limit_counter": 32,
            "days_above_limit_cleaned": 0.0,
            "days_above_limit_cleaned_counter": 32
        },
        "2013": {
            "year_average": 627.0,
            "year_average_counter": 31,
            "days_above_limit": 321.0,
            "days_above_limit_counter": 31,
            "days_above_limit_cleaned": 0.0,
            "days_above_limit_cleaned_counter": 31
        },
        "2014": {
            "year_average": 640.0,
            "year_average_counter": 33,
            "days_above_limit": 277.0,
            "days_above_limit_counter": 33,
            "days_above_limit_cleaned": 0.0,
            "days_above_limit_cleaned_counter": 33
        },
        "2015": {
            "year_average": 603.0,
            "year_average_counter": 32,
            "days_above_limit": 227.0,
            "days_above_limit_counter": 32,
            "days_above_limit_cleaned": 0.0,
            "days_above_limit_cleaned_counter": 32
        },
        "2016": {
            "year_average": 571.0,
            "year_average_counter": 33,
            "days_above_limit": 52.0,
            "days_above_limit_counter": 33,
            "days_above_limit_cleaned": 0.0,
            "days_above_limit_cleaned_counter": 33
        },
        "2017": {
            "year_average": 582.2,
            "year_average_counter": 33,
            "days_above_limit": 257.0,
            "days_above_limit_counter": 33,
            "days_above_limit_cleaned": 0.0,
            "days_above_limit_cleaned_counter": 33
        },
        "2018": {
            "year_average": 590.0,
            "year_average_counter": 33,
            "days_above_limit": 157.0,
            "days_above_limit_counter": 33,
            "days_above_limit_cleaned": 0.0,
            "days_above_limit_cleaned_counter": 33
        },
        "2019": {
            "year_average": 517.9,
            "year_average_counter": 33,
            "days_above_limit": 59.0,
            "days_above_limit_counter": 33,
            "days_above_limit_cleaned": 0.0,
            "days_above_limit_cleaned_counter": 33
        },
        "2020": {
            "year_average": 472.59999999999997,
            "year_average_counter": 33,
            "days_above_limit": 39.0,
            "days_above_limit_counter": 33,
            "days_above_limit_cleaned": 0.0,
            "days_above_limit_cleaned_counter": 33
        }
    },
    "Mecklenburg-Vorpommern": {
        "2002": {
            "year_average": 197.0,
            "year_average_counter": 9,
            "days_above_limit": 151.0,
            "days_above_limit_counter": 9,
            "days_above_limit_cleaned": 0.0,
            "days_above_limit_cleaned_counter": 9
        },
        "2003": {
            "year_average": 230.0,
            "year_average_counter": 9,
            "days_above_limit": 251.0,
            "days_above_limit_counter": 9,
            "days_above_limit_cleaned": 0.0,
            "days_above_limit_cleaned_counter": 9
        },
        "2004": {
            "year_average": 204.0,
            "year_average_counter": 10,
            "days_above_limit": 65.0,
            "days_above_limit_counter": 10,
            "days_above_limit_cleaned": 0.0,
            "days_above_limit_cleaned_counter": 10
        },
        "2005": {
            "year_average": 223.0,
            "year_average_counter": 10,
            "days_above_limit": 126.0,
            "days_above_limit_counter": 10,
            "days_above_limit_cleaned": 0.0,
            "days_above_limit_cleaned_counter": 10
        },
        "2006": {
            "year_average": 298.0,
            "year_average_counter": 12,
            "days_above_limit": 246.0,
            "days_above_limit_counter": 12,
            "days_above_limit_cleaned": 0.0,
            "days_above_limit_cleaned_counter": 12
        },
        "2007": {
            "year_average": 214.0,
            "year_average_counter": 12,
            "days_above_limit": 34.0,
            "days_above_limit_counter": 12,
            "days_above_limit_cleaned": 0.0,
            "days_above_limit_cleaned_counter": 12
        },
        "2008": {
            "year_average": 208.0,
            "year_average_counter": 12,
            "days_above_limit": 45.0,
            "days_above_limit_counter": 12,
            "days_above_limit_cleaned": 0.0,
            "days_above_limit_cleaned_counter": 12
        },
        "2009": {
            "year_average": 239.0,
            "year_average_counter": 12,
            "days_above_limit": 54.0,
            "days_above_limit_counter": 12,
            "days_above_limit_cleaned": 0.0,
            "days_above_limit_cleaned_counter": 12
        },
        "2010": {
            "year_average": 217.0,
            "year_average_counter": 10,
            "days_above_limit": 167.0,
            "days_above_limit_counter": 10,
            "days_above_limit_cleaned": 0.0,
            "days_above_limit_cleaned_counter": 10
        },
        "2011": {
            "year_average": 230.0,
            "year_average_counter": 10,
            "days_above_limit": 239.0,
            "days_above_limit_counter": 10,
            "days_above_limit_cleaned": 0.0,
            "days_above_limit_cleaned_counter": 10
        },
        "2012": {
            "year_average": 220.0,
            "year_average_counter": 12,
            "days_above_limit": 105.0,
            "days_above_limit_counter": 12,
            "days_above_limit_cleaned": 0.0,
            "days_above_limit_cleaned_counter": 12
        },
        "2013": {
            "year_average": 221.0,
            "year_average_counter": 12,
            "days_above_limit": 72.0,
            "days_above_limit_counter": 12,
            "days_above_limit_cleaned": 0.0,
            "days_above_limit_cleaned_counter": 12
        },
        "2014": {
            "year_average": 263.0,
            "year_average_counter": 12,
            "days_above_limit": 150.0,
            "days_above_limit_counter": 12,
            "days_above_limit_cleaned": 0.0,
            "days_above_limit_cleaned_counter": 12
        },
        "2015": {
            "year_average": 260.0,
            "year_average_counter": 14,
            "days_above_limit": 128.0,
            "days_above_limit_counter": 14,
            "days_above_limit_cleaned": 0.0,
            "days_above_limit_cleaned_counter": 14
        },
        "2016": {
            "year_average": 242.0,
            "year_average_counter": 14,
            "days_above_limit": 49.0,
            "days_above_limit_counter": 14,
            "days_above_limit_cleaned": 0.0,
            "days_above_limit_cleaned_counter": 14
        },
        "2017": {
            "year_average": 245.0,
            "year_average_counter": 14,
            "days_above_limit": 128.0,
            "days_above_limit_counter": 14,
            "days_above_limit_cleaned": 0.0,
            "days_above_limit_cleaned_counter": 14
        },
        "2018": {
            "year_average": 269.0,
            "year_average_counter": 14,
            "days_above_limit": 101.0,
            "days_above_limit_counter": 14,
            "days_above_limit_cleaned": 0.0,
            "days_above_limit_cleaned_counter": 14
        },
        "2019": {
            "year_average": 275.0,
            "year_average_counter": 16,
            "days_above_limit": 113.0,
            "days_above_limit_counter": 16,
            "days_above_limit_cleaned": 0.0,
            "days_above_limit_cleaned_counter": 16
        },
        "2020": {
            "year_average": 236.0,
            "year_average_counter": 16,
            "days_above_limit": 22.0,
            "days_above_limit_counter": 16,
            "days_above_limit_cleaned": 0.0,
            "days_above_limit_cleaned_counter": 16
        }
    },
    "Niedersachsen": {
        "2002": {
            "year_average": 589.0,
            "year_average_counter": 22,
            "days_above_limit": 816.0,
            "days_above_limit_counter": 22,
            "days_above_limit_cleaned": 0.0,
            "days_above_limit_cleaned_counter": 22
        },
        "2003": {
            "year_average": 638.0,
            "year_average_counter": 21,
            "days_above_limit": 974.0,
            "days_above_limit_counter": 21,
            "days_above_limit_cleaned": 0.0,
            "days_above_limit_cleaned_counter": 21
        },
        "2004": {
            "year_average": 499.0,
            "year_average_counter": 22,
            "days_above_limit": 374.0,
            "days_above_limit_counter": 22,
            "days_above_limit_cleaned": 0.0,
            "days_above_limit_cleaned_counter": 22
        },
        "2005": {
            "year_average": 485.0,
            "year_average_counter": 21,
            "days_above_limit": 321.0,
            "days_above_limit_counter": 21,
            "days_above_limit_cleaned": 0.0,
            "days_above_limit_cleaned_counter": 21
        },
        "2006": {
            "year_average": 612.0,
            "year_average_counter": 24,
            "days_above_limit": 407.0,
            "days_above_limit_counter": 24,
            "days_above_limit_cleaned": 0.0,
            "days_above_limit_cleaned_counter": 24
        },
        "2007": {
            "year_average": 521.0,
            "year_average_counter": 27,
            "days_above_limit": 168.0,
            "days_above_limit_counter": 27,
            "days_above_limit_cleaned": 0.0,
            "days_above_limit_cleaned_counter": 27
        },
        "2008": {
            "year_average": 519.0,
            "year_average_counter": 28,
            "days_above_limit": 142.0,
            "days_above_limit_counter": 28,
            "days_above_limit_cleaned": 0.0,
            "days_above_limit_cleaned_counter": 28
        },
        "2009": {
            "year_average": 511.0,
            "year_average_counter": 28,
            "days_above_limit": 157.0,
            "days_above_limit_counter": 28,
            "days_above_limit_cleaned": 0.0,
            "days_above_limit_cleaned_counter": 28
        },
        "2010": {
            "year_average": 563.0,
            "year_average_counter": 28,
            "days_above_limit": 405.0,
            "days_above_limit_counter": 28,
            "days_above_limit_cleaned": 0.0,
            "days_above_limit_cleaned_counter": 28
        },
        "2011": {
            "year_average": 559.0,
            "year_average_counter": 28,
            "days_above_limit": 440.0,
            "days_above_limit_counter": 28,
            "days_above_limit_cleaned": 0.0,
            "days_above_limit_cleaned_counter": 28
        },
        "2012": {
            "year_average": 461.0,
            "year_average_counter": 27,
            "days_above_limit": 172.0,
            "days_above_limit_counter": 27,
            "days_above_limit_cleaned": 0.0,
            "days_above_limit_cleaned_counter": 27
        },
        "2013": {
            "year_average": 460.0,
            "year_average_counter": 27,
            "days_above_limit": 147.0,
            "days_above_limit_counter": 27,
            "days_above_limit_cleaned": 0.0,
            "days_above_limit_cleaned_counter": 27
        },
        "2014": {
            "year_average": 531.0,
            "year_average_counter": 28,
            "days_above_limit": 308.0,
            "days_above_limit_counter": 28,
            "days_above_limit_cleaned": 0.0,
            "days_above_limit_cleaned_counter": 28
        },
        "2015": {
            "year_average": 479.0,
            "year_average_counter": 28,
            "days_above_limit": 202.0,
            "days_above_limit_counter": 28,
            "days_above_limit_cleaned": 0.0,
            "days_above_limit_cleaned_counter": 28
        },
        "2016": {
            "year_average": 452.3,
            "year_average_counter": 28,
            "days_above_limit": 100.0,
            "days_above_limit_counter": 28,
            "days_above_limit_cleaned": 0.0,
            "days_above_limit_cleaned_counter": 28
        },
        "2017": {
            "year_average": 447.0,
            "year_average_counter": 28,
            "days_above_limit": 209.0,
            "days_above_limit_counter": 28,
            "days_above_limit_cleaned": 0.0,
            "days_above_limit_cleaned_counter": 28
        },
        "2018": {
            "year_average": 478.0,
            "year_average_counter": 28,
            "days_above_limit": 135.0,
            "days_above_limit_counter": 28,
            "days_above_limit_cleaned": 0.0,
            "days_above_limit_cleaned_counter": 28
        },
        "2019": {
            "year_average": 428.1,
            "year_average_counter": 29,
            "days_above_limit": 67.0,
            "days_above_limit_counter": 29,
            "days_above_limit_cleaned": 0.0,
            "days_above_limit_cleaned_counter": 29
        },
        "2020": {
            "year_average": 357.6,
            "year_average_counter": 28,
            "days_above_limit": 10.0,
            "days_above_limit_counter": 28,
            "days_above_limit_cleaned": 0.0,
            "days_above_limit_cleaned_counter": 28
        }
    },
    "Nordrhein-Westfalen": {
        "2002": {
            "year_average": 368.0,
            "year_average_counter": 13,
            "days_above_limit": 477.0,
            "days_above_limit_counter": 13,
            "days_above_limit_cleaned": 0.0,
            "days_above_limit_cleaned_counter": 13
        },
        "2003": {
            "year_average": 1262.0,
            "year_average_counter": 42,
            "days_above_limit": 1621.0,
            "days_above_limit_counter": 42,
            "days_above_limit_cleaned": 0.0,
            "days_above_limit_cleaned_counter": 42
        },
        "2004": {
            "year_average": 1660.0,
            "year_average_counter": 62,
            "days_above_limit": 1657.0,
            "days_above_limit_counter": 62,
            "days_above_limit_cleaned": 0.0,
            "days_above_limit_cleaned_counter": 62
        },
        "2005": {
            "year_average": 1766.0,
            "year_average_counter": 67,
            "days_above_limit": 1244.0,
            "days_above_limit_counter": 67,
            "days_above_limit_cleaned": 0.0,
            "days_above_limit_cleaned_counter": 67
        },
        "2006": {
            "year_average": 1767.0,
            "year_average_counter": 64,
            "days_above_limit": 1635.0,
            "days_above_limit_counter": 64,
            "days_above_limit_cleaned": 0.0,
            "days_above_limit_cleaned_counter": 64
        },
        "2007": {
            "year_average": 1771.0,
            "year_average_counter": 65,
            "days_above_limit": 1787.0,
            "days_above_limit_counter": 65,
            "days_above_limit_cleaned": 0.0,
            "days_above_limit_cleaned_counter": 65
        },
        "2008": {
            "year_average": 1519.0,
            "year_average_counter": 60,
            "days_above_limit": 1004.0,
            "days_above_limit_counter": 60,
            "days_above_limit_cleaned": 0.0,
            "days_above_limit_cleaned_counter": 60
        },
        "2009": {
            "year_average": 1738.0,
            "year_average_counter": 67,
            "days_above_limit": 1403.0,
            "days_above_limit_counter": 67,
            "days_above_limit_cleaned": 0.0,
            "days_above_limit_cleaned_counter": 67
        },
        "2010": {
            "year_average": 1783.0,
            "year_average_counter": 68,
            "days_above_limit": 1300.0,
            "days_above_limit_counter": 68,
            "days_above_limit_cleaned": 0.0,
            "days_above_limit_cleaned_counter": 68
        },
        "2011": {
            "year_average": 1757.0,
            "year_average_counter": 66,
            "days_above_limit": 1973.0,
            "days_above_limit_counter": 66,
            "days_above_limit_cleaned": 0.0,
            "days_above_limit_cleaned_counter": 66
        },
        "2012": {
            "year_average": 1571.0,
            "year_average_counter": 67,
            "days_above_limit": 1278.0,
            "days_above_limit_counter": 67,
            "days_above_limit_cleaned": 0.0,
            "days_above_limit_cleaned_counter": 67
        },
        "2013": {
            "year_average": 1659.0,
            "year_average_counter": 70,
            "days_above_limit": 1169.0,
            "days_above_limit_counter": 70,
            "days_above_limit_cleaned": 0.0,
            "days_above_limit_cleaned_counter": 70
        },
        "2014": {
            "year_average": 1489.0,
            "year_average_counter": 70,
            "days_above_limit": 781.0,
            "days_above_limit_counter": 70,
            "days_above_limit_cleaned": 0.0,
            "days_above_limit_cleaned_counter": 70
        },
        "2015": {
            "year_average": 1423.0,
            "year_average_counter": 68,
            "days_above_limit": 819.0,
            "days_above_limit_counter": 68,
            "days_above_limit_cleaned": 0.0,
            "days_above_limit_cleaned_counter": 68
        },
        "2016": {
            "year_average": 1270.4,
            "year_average_counter": 65,
            "days_above_limit": 332.0,
            "days_above_limit_counter": 65,
            "days_above_limit_cleaned": 0.0,
            "days_above_limit_cleaned_counter": 65
        },
        "2017": {
            "year_average": 1325.2,
            "year_average_counter": 67,
            "days_above_limit": 593.0,
            "days_above_limit_counter": 67,
            "days_above_limit_cleaned": 0.0,
            "days_above_limit_cleaned_counter": 67
        },
        "2018": {
            "year_average": 1356.0,
            "year_average_counter": 66,
            "days_above_limit": 533.0,
            "days_above_limit_counter": 66,
            "days_above_limit_cleaned": 0.0,
            "days_above_limit_cleaned_counter": 66
        },
        "2019": {
            "year_average": 1165.4,
            "year_average_counter": 65,
            "days_above_limit": 296.0,
            "days_above_limit_counter": 65,
            "days_above_limit_cleaned": 0.0,
            "days_above_limit_cleaned_counter": 65
        },
        "2020": {
            "year_average": 1062.7,
            "year_average_counter": 63,
            "days_above_limit": 169.0,
            "days_above_limit_counter": 63,
            "days_above_limit_cleaned": 0.0,
            "days_above_limit_cleaned_counter": 63
        }
    },
    "Rheinland-Pfalz": {
        "2002": {
            "year_average": 642.0,
            "year_average_counter": 26,
            "days_above_limit": 536.0,
            "days_above_limit_counter": 26,
            "days_above_limit_cleaned": 0.0,
            "days_above_limit_cleaned_counter": 26
        },
        "2003": {
            "year_average": 745.0,
            "year_average_counter": 27,
            "days_above_limit": 837.0,
            "days_above_limit_counter": 27,
            "days_above_limit_cleaned": 0.0,
            "days_above_limit_cleaned_counter": 27
        },
        "2004": {
            "year_average": 611.0,
            "year_average_counter": 26,
            "days_above_limit": 472.0,
            "days_above_limit_counter": 26,
            "days_above_limit_cleaned": 0.0,
            "days_above_limit_cleaned_counter": 26
        },
        "2005": {
            "year_average": 580.0,
            "year_average_counter": 26,
            "days_above_limit": 356.0,
            "days_above_limit_counter": 26,
            "days_above_limit_cleaned": 0.0,
            "days_above_limit_cleaned_counter": 26
        },
        "2006": {
            "year_average": 582.0,
            "year_average_counter": 26,
            "days_above_limit": 475.0,
            "days_above_limit_counter": 26,
            "days_above_limit_cleaned": 0.0,
            "days_above_limit_cleaned_counter": 26
        },
        "2007": {
            "year_average": 501.0,
            "year_average_counter": 26,
            "days_above_limit": 259.0,
            "days_above_limit_counter": 26,
            "days_above_limit_cleaned": 0.0,
            "days_above_limit_cleaned_counter": 26
        },
        "2008": {
            "year_average": 423.0,
            "year_average_counter": 24,
            "days_above_limit": 133.0,
            "days_above_limit_counter": 24,
            "days_above_limit_cleaned": 0.0,
            "days_above_limit_cleaned_counter": 24
        },
        "2009": {
            "year_average": 425.0,
            "year_average_counter": 21,
            "days_above_limit": 328.0,
            "days_above_limit_counter": 21,
            "days_above_limit_cleaned": 0.0,
            "days_above_limit_cleaned_counter": 21
        },
        "2010": {
            "year_average": 486.0,
            "year_average_counter": 24,
            "days_above_limit": 273.0,
            "days_above_limit_counter": 24,
            "days_above_limit_cleaned": 0.0,
            "days_above_limit_cleaned_counter": 24
        },
        "2011": {
            "year_average": 508.0,
            "year_average_counter": 25,
            "days_above_limit": 447.0,
            "days_above_limit_counter": 25,
            "days_above_limit_cleaned": 0.0,
            "days_above_limit_cleaned_counter": 25
        },
        "2012": {
            "year_average": 395.0,
            "year_average_counter": 22,
            "days_above_limit": 148.0,
            "days_above_limit_counter": 22,
            "days_above_limit_cleaned": 0.0,
            "days_above_limit_cleaned_counter": 22
        },
        "2013": {
            "year_average": 347.0,
            "year_average_counter": 19,
            "days_above_limit": 169.0,
            "days_above_limit_counter": 19,
            "days_above_limit_cleaned": 0.0,
            "days_above_limit_cleaned_counter": 19
        },
        "2014": {
            "year_average": 334.0,
            "year_average_counter": 19,
            "days_above_limit": 149.0,
            "days_above_limit_counter": 19,
            "days_above_limit_cleaned": 0.0,
            "days_above_limit_cleaned_counter": 19
        },
        "2015": {
            "year_average": 339.0,
            "year_average_counter": 19,
            "days_above_limit": 141.0,
            "days_above_limit_counter": 19,
            "days_above_limit_cleaned": 0.0,
            "days_above_limit_cleaned_counter": 19
        },
        "2016": {
            "year_average": 313.6,
            "year_average_counter": 19,
            "days_above_limit": 53.0,
            "days_above_limit_counter": 19,
            "days_above_limit_cleaned": 0.0,
            "days_above_limit_cleaned_counter": 19
        },
        "2017": {
            "year_average": 323.0,
            "year_average_counter": 19,
            "days_above_limit": 180.0,
            "days_above_limit_counter": 19,
            "days_above_limit_cleaned": 0.0,
            "days_above_limit_cleaned_counter": 19
        },
        "2018": {
            "year_average": 332.0,
            "year_average_counter": 19,
            "days_above_limit": 93.0,
            "days_above_limit_counter": 19,
            "days_above_limit_cleaned": 0.0,
            "days_above_limit_cleaned_counter": 19
        },
        "2019": {
            "year_average": 298.9,
            "year_average_counter": 19,
            "days_above_limit": 73.0,
            "days_above_limit_counter": 19,
            "days_above_limit_cleaned": 0.0,
            "days_above_limit_cleaned_counter": 19
        },
        "2020": {
            "year_average": 257.9,
            "year_average_counter": 18,
            "days_above_limit": 44.0,
            "days_above_limit_counter": 18,
            "days_above_limit_cleaned": 0.0,
            "days_above_limit_cleaned_counter": 18
        }
    },
    "Saarland": {
        "2002": {
            "year_average": 120.4,
            "year_average_counter": 6,
            "days_above_limit": 46.0,
            "days_above_limit_counter": 6,
            "days_above_limit_cleaned": 0.0,
            "days_above_limit_cleaned_counter": 6
        },
        "2003": {
            "year_average": 140.0,
            "year_average_counter": 6,
            "days_above_limit": 60.0,
            "days_above_limit_counter": 6,
            "days_above_limit_cleaned": 0.0,
            "days_above_limit_cleaned_counter": 6
        },
        "2004": {
            "year_average": 105.0,
            "year_average_counter": 5,
            "days_above_limit": 51.0,
            "days_above_limit_counter": 5,
            "days_above_limit_cleaned": 0.0,
            "days_above_limit_cleaned_counter": 5
        },
        "2005": {
            "year_average": 163.0,
            "year_average_counter": 7,
            "days_above_limit": 56.0,
            "days_above_limit_counter": 7,
            "days_above_limit_cleaned": 0.0,
            "days_above_limit_cleaned_counter": 7
        },
        "2006": {
            "year_average": 166.0,
            "year_average_counter": 7,
            "days_above_limit": 104.0,
            "days_above_limit_counter": 7,
            "days_above_limit_cleaned": 0.0,
            "days_above_limit_cleaned_counter": 7
        },
        "2007": {
            "year_average": 150.0,
            "year_average_counter": 7,
            "days_above_limit": 78.0,
            "days_above_limit_counter": 7,
            "days_above_limit_cleaned": 0.0,
            "days_above_limit_cleaned_counter": 7
        },
        "2008": {
            "year_average": 131.0,
            "year_average_counter": 7,
            "days_above_limit": 31.0,
            "days_above_limit_counter": 7,
            "days_above_limit_cleaned": 0.0,
            "days_above_limit_cleaned_counter": 7
        },
        "2009": {
            "year_average": 145.0,
            "year_average_counter": 7,
            "days_above_limit": 70.0,
            "days_above_limit_counter": 7,
            "days_above_limit_cleaned": 0.0,
            "days_above_limit_cleaned_counter": 7
        },
        "2010": {
            "year_average": 149.0,
            "year_average_counter": 7,
            "days_above_limit": 68.0,
            "days_above_limit_counter": 7,
            "days_above_limit_cleaned": 0.0,
            "days_above_limit_cleaned_counter": 7
        },
        "2011": {
            "year_average": 149.0,
            "year_average_counter": 7,
            "days_above_limit": 107.0,
            "days_above_limit_counter": 7,
            "days_above_limit_cleaned": 0.0,
            "days_above_limit_cleaned_counter": 7
        },
        "2012": {
            "year_average": 130.0,
            "year_average_counter": 7,
            "days_above_limit": 44.0,
            "days_above_limit_counter": 7,
            "days_above_limit_cleaned": 0.0,
            "days_above_limit_cleaned_counter": 7
        },
        "2013": {
            "year_average": 128.0,
            "year_average_counter": 7,
            "days_above_limit": 32.0,
            "days_above_limit_counter": 7,
            "days_above_limit_cleaned": 0.0,
            "days_above_limit_cleaned_counter": 7
        },
        "2014": {
            "year_average": 124.0,
            "year_average_counter": 7,
            "days_above_limit": 43.0,
            "days_above_limit_counter": 7,
            "days_above_limit_cleaned": 0.0,
            "days_above_limit_cleaned_counter": 7
        },
        "2015": {
            "year_average": 124.0,
            "year_average_counter": 7,
            "days_above_limit": 26.0,
            "days_above_limit_counter": 7,
            "days_above_limit_cleaned": 0.0,
            "days_above_limit_cleaned_counter": 7
        },
        "2016": {
            "year_average": 114.0,
            "year_average_counter": 7,
            "days_above_limit": 31.0,
            "days_above_limit_counter": 7,
            "days_above_limit_cleaned": 0.0,
            "days_above_limit_cleaned_counter": 7
        },
        "2017": {
            "year_average": 111.0,
            "year_average_counter": 7,
            "days_above_limit": 36.0,
            "days_above_limit_counter": 7,
            "days_above_limit_cleaned": 0.0,
            "days_above_limit_cleaned_counter": 7
        },
        "2018": {
            "year_average": 115.0,
            "year_average_counter": 7,
            "days_above_limit": 19.0,
            "days_above_limit_counter": 7,
            "days_above_limit_cleaned": 0.0,
            "days_above_limit_cleaned_counter": 7
        },
        "2019": {
            "year_average": 128.0,
            "year_average_counter": 8,
            "days_above_limit": 11.0,
            "days_above_limit_counter": 8,
            "days_above_limit_cleaned": 0.0,
            "days_above_limit_cleaned_counter": 8
        },
        "2020": {
            "year_average": 110.0,
            "year_average_counter": 8,
            "days_above_limit": 2.0,
            "days_above_limit_counter": 8,
            "days_above_limit_cleaned": 0.0,
            "days_above_limit_cleaned_counter": 8
        }
    },
    "Sachsen": {
        "2002": {
            "year_average": 432.0,
            "year_average_counter": 17,
            "days_above_limit": 369.0,
            "days_above_limit_counter": 17,
            "days_above_limit_cleaned": 0.0,
            "days_above_limit_cleaned_counter": 17
        },
        "2003": {
            "year_average": 652.0,
            "year_average_counter": 22,
            "days_above_limit": 866.0,
            "days_above_limit_counter": 22,
            "days_above_limit_cleaned": 0.0,
            "days_above_limit_cleaned_counter": 22
        },
        "2004": {
            "year_average": 520.0,
            "year_average_counter": 22,
            "days_above_limit": 368.0,
            "days_above_limit_counter": 22,
            "days_above_limit_cleaned": 0.0,
            "days_above_limit_cleaned_counter": 22
        },
        "2005": {
            "year_average": 653.0,
            "year_average_counter": 24,
            "days_above_limit": 739.0,
            "days_above_limit_counter": 24,
            "days_above_limit_cleaned": 0.0,
            "days_above_limit_cleaned_counter": 24
        },
        "2006": {
            "year_average": 692.0,
            "year_average_counter": 25,
            "days_above_limit": 791.0,
            "days_above_limit_counter": 25,
            "days_above_limit_cleaned": 0.0,
            "days_above_limit_cleaned_counter": 25
        },
        "2007": {
            "year_average": 576.0,
            "year_average_counter": 25,
            "days_above_limit": 388.0,
            "days_above_limit_counter": 25,
            "days_above_limit_cleaned": 0.0,
            "days_above_limit_cleaned_counter": 25
        },
        "2008": {
            "year_average": 561.0,
            "year_average_counter": 25,
            "days_above_limit": 260.0,
            "days_above_limit_counter": 25,
            "days_above_limit_cleaned": 0.0,
            "days_above_limit_cleaned_counter": 25
        },
        "2009": {
            "year_average": 609.0,
            "year_average_counter": 25,
            "days_above_limit": 577.0,
            "days_above_limit_counter": 25,
            "days_above_limit_cleaned": 0.0,
            "days_above_limit_cleaned_counter": 25
        },
        "2010": {
            "year_average": 616.0,
            "year_average_counter": 25,
            "days_above_limit": 664.0,
            "days_above_limit_counter": 25,
            "days_above_limit_cleaned": 0.0,
            "days_above_limit_cleaned_counter": 25
        },
        "2011": {
            "year_average": 552.0,
            "year_average_counter": 23,
            "days_above_limit": 699.0,
            "days_above_limit_counter": 23,
            "days_above_limit_cleaned": 0.0,
            "days_above_limit_cleaned_counter": 23
        },
        "2012": {
            "year_average": 503.0,
            "year_average_counter": 24,
            "days_above_limit": 402.0,
            "days_above_limit_counter": 24,
            "days_above_limit_cleaned": 0.0,
            "days_above_limit_cleaned_counter": 24
        },
        "2013": {
            "year_average": 516.0,
            "year_average_counter": 24,
            "days_above_limit": 446.0,
            "days_above_limit_counter": 24,
            "days_above_limit_cleaned": 0.0,
            "days_above_limit_cleaned_counter": 24
        },
        "2014": {
            "year_average": 520.0,
            "year_average_counter": 24,
            "days_above_limit": 491.0,
            "days_above_limit_counter": 24,
            "days_above_limit_cleaned": 0.0,
            "days_above_limit_cleaned_counter": 24
        },
        "2015": {
            "year_average": 404.0,
            "year_average_counter": 21,
            "days_above_limit": 200.0,
            "days_above_limit_counter": 21,
            "days_above_limit_cleaned": 0.0,
            "days_above_limit_cleaned_counter": 21
        },
        "2016": {
            "year_average": 394.8,
            "year_average_counter": 22,
            "days_above_limit": 124.0,
            "days_above_limit_counter": 22,
            "days_above_limit_cleaned": 0.0,
            "days_above_limit_cleaned_counter": 22
        },
        "2017": {
            "year_average": 396.8,
            "year_average_counter": 24,
            "days_above_limit": 271.0,
            "days_above_limit_counter": 24,
            "days_above_limit_cleaned": 0.0,
            "days_above_limit_cleaned_counter": 24
        },
        "2018": {
            "year_average": 452.0,
            "year_average_counter": 24,
            "days_above_limit": 189.0,
            "days_above_limit_counter": 24,
            "days_above_limit_cleaned": 0.0,
            "days_above_limit_cleaned_counter": 24
        },
        "2019": {
            "year_average": 366.0,
            "year_average_counter": 24,
            "days_above_limit": 77.0,
            "days_above_limit_counter": 24,
            "days_above_limit_cleaned": 0.0,
            "days_above_limit_cleaned_counter": 24
        },
        "2020": {
            "year_average": 326.4,
            "year_average_counter": 24,
            "days_above_limit": 23.0,
            "days_above_limit_counter": 24,
            "days_above_limit_cleaned": 0.0,
            "days_above_limit_cleaned_counter": 24
        }
    },
    "Sachsen-Anhalt": {
        "2002": {
            "year_average": 556.0,
            "year_average_counter": 20,
            "days_above_limit": 606.0,
            "days_above_limit_counter": 20,
            "days_above_limit_cleaned": 0.0,
            "days_above_limit_cleaned_counter": 20
        },
        "2003": {
            "year_average": 702.0,
            "year_average_counter": 23,
            "days_above_limit": 938.0,
            "days_above_limit_counter": 23,
            "days_above_limit_cleaned": 0.0,
            "days_above_limit_cleaned_counter": 23
        },
        "2004": {
            "year_average": 479.0,
            "year_average_counter": 20,
            "days_above_limit": 273.0,
            "days_above_limit_counter": 20,
            "days_above_limit_cleaned": 0.0,
            "days_above_limit_cleaned_counter": 20
        },
        "2005": {
            "year_average": 525.0,
            "year_average_counter": 21,
            "days_above_limit": 376.0,
            "days_above_limit_counter": 21,
            "days_above_limit_cleaned": 0.0,
            "days_above_limit_cleaned_counter": 21
        },
        "2006": {
            "year_average": 581.0,
            "year_average_counter": 22,
            "days_above_limit": 510.0,
            "days_above_limit_counter": 22,
            "days_above_limit_cleaned": 0.0,
            "days_above_limit_cleaned_counter": 22
        },
        "2007": {
            "year_average": 516.0,
            "year_average_counter": 23,
            "days_above_limit": 275.0,
            "days_above_limit_counter": 23,
            "days_above_limit_cleaned": 0.0,
            "days_above_limit_cleaned_counter": 23
        },
        "2008": {
            "year_average": 500.0,
            "year_average_counter": 24,
            "days_above_limit": 189.0,
            "days_above_limit_counter": 24,
            "days_above_limit_cleaned": 0.0,
            "days_above_limit_cleaned_counter": 24
        },
        "2009": {
            "year_average": 525.0,
            "year_average_counter": 24,
            "days_above_limit": 236.0,
            "days_above_limit_counter": 24,
            "days_above_limit_cleaned": 0.0,
            "days_above_limit_cleaned_counter": 24
        },
        "2010": {
            "year_average": 631.0,
            "year_average_counter": 25,
            "days_above_limit": 692.0,
            "days_above_limit_counter": 25,
            "days_above_limit_cleaned": 0.0,
            "days_above_limit_cleaned_counter": 25
        },
        "2011": {
            "year_average": 656.0,
            "year_average_counter": 26,
            "days_above_limit": 817.0,
            "days_above_limit_counter": 26,
            "days_above_limit_cleaned": 0.0,
            "days_above_limit_cleaned_counter": 26
        },
        "2012": {
            "year_average": 528.0,
            "year_average_counter": 26,
            "days_above_limit": 306.0,
            "days_above_limit_counter": 26,
            "days_above_limit_cleaned": 0.0,
            "days_above_limit_cleaned_counter": 26
        },
        "2013": {
            "year_average": 513.0,
            "year_average_counter": 25,
            "days_above_limit": 298.0,
            "days_above_limit_counter": 25,
            "days_above_limit_cleaned": 0.0,
            "days_above_limit_cleaned_counter": 25
        },
        "2014": {
            "year_average": 520.0,
            "year_average_counter": 23,
            "days_above_limit": 442.0,
            "days_above_limit_counter": 23,
            "days_above_limit_cleaned": 0.0,
            "days_above_limit_cleaned_counter": 23
        },
        "2015": {
            "year_average": 418.0,
            "year_average_counter": 22,
            "days_above_limit": 201.0,
            "days_above_limit_counter": 22,
            "days_above_limit_cleaned": 0.0,
            "days_above_limit_cleaned_counter": 22
        },
        "2016": {
            "year_average": 420.0,
            "year_average_counter": 23,
            "days_above_limit": 135.0,
            "days_above_limit_counter": 23,
            "days_above_limit_cleaned": 0.0,
            "days_above_limit_cleaned_counter": 23
        },
        "2017": {
            "year_average": 400.0,
            "year_average_counter": 23,
            "days_above_limit": 235.0,
            "days_above_limit_counter": 23,
            "days_above_limit_cleaned": 0.0,
            "days_above_limit_cleaned_counter": 23
        },
        "2018": {
            "year_average": 450.0,
            "year_average_counter": 23,
            "days_above_limit": 168.0,
            "days_above_limit_counter": 23,
            "days_above_limit_cleaned": 0.0,
            "days_above_limit_cleaned_counter": 23
        },
        "2019": {
            "year_average": 352.0,
            "year_average_counter": 22,
            "days_above_limit": 62.0,
            "days_above_limit_counter": 22,
            "days_above_limit_cleaned": 0.0,
            "days_above_limit_cleaned_counter": 22
        },
        "2020": {
            "year_average": 336.6,
            "year_average_counter": 22,
            "days_above_limit": 29.0,
            "days_above_limit_counter": 22,
            "days_above_limit_cleaned": 0.0,
            "days_above_limit_cleaned_counter": 22
        }
    },
    "Schleswig-Holstein": {
        "2002": {
            "year_average": 70.0,
            "year_average_counter": 3,
            "days_above_limit": 57.0,
            "days_above_limit_counter": 3,
            "days_above_limit_cleaned": 0.0,
            "days_above_limit_cleaned_counter": 3
        },
        "2003": {
            "year_average": 245.0,
            "year_average_counter": 9,
            "days_above_limit": 295.0,
            "days_above_limit_counter": 9,
            "days_above_limit_cleaned": 0.0,
            "days_above_limit_cleaned_counter": 9
        },
        "2004": {
            "year_average": 60.0,
            "year_average_counter": 3,
            "days_above_limit": 19.0,
            "days_above_limit_counter": 3,
            "days_above_limit_cleaned": 0.0,
            "days_above_limit_cleaned_counter": 3
        },
        "2005": {
            "year_average": 249.0,
            "year_average_counter": 11,
            "days_above_limit": 116.0,
            "days_above_limit_counter": 11,
            "days_above_limit_cleaned": 0.0,
            "days_above_limit_cleaned_counter": 11
        },
        "2006": {
            "year_average": 284.0,
            "year_average_counter": 12,
            "days_above_limit": 174.0,
            "days_above_limit_counter": 12,
            "days_above_limit_cleaned": 0.0,
            "days_above_limit_cleaned_counter": 12
        },
        "2007": {
            "year_average": 254.0,
            "year_average_counter": 12,
            "days_above_limit": 83.0,
            "days_above_limit_counter": 12,
            "days_above_limit_cleaned": 0.0,
            "days_above_limit_cleaned_counter": 12
        },
        "2008": {
            "year_average": 236.0,
            "year_average_counter": 11,
            "days_above_limit": 65.0,
            "days_above_limit_counter": 11,
            "days_above_limit_cleaned": 0.0,
            "days_above_limit_cleaned_counter": 11
        },
        "2009": {
            "year_average": 194.0,
            "year_average_counter": 9,
            "days_above_limit": 59.0,
            "days_above_limit_counter": 9,
            "days_above_limit_cleaned": 0.0,
            "days_above_limit_cleaned_counter": 9
        },
        "2010": {
            "year_average": 203.0,
            "year_average_counter": 9,
            "days_above_limit": 165.0,
            "days_above_limit_counter": 9,
            "days_above_limit_cleaned": 0.0,
            "days_above_limit_cleaned_counter": 9
        },
        "2011": {
            "year_average": 215.0,
            "year_average_counter": 9,
            "days_above_limit": 193.0,
            "days_above_limit_counter": 9,
            "days_above_limit_cleaned": 0.0,
            "days_above_limit_cleaned_counter": 9
        },
        "2012": {
            "year_average": 177.0,
            "year_average_counter": 9,
            "days_above_limit": 54.0,
            "days_above_limit_counter": 9,
            "days_above_limit_cleaned": 0.0,
            "days_above_limit_cleaned_counter": 9
        },
        "2013": {
            "year_average": 155.0,
            "year_average_counter": 8,
            "days_above_limit": 58.0,
            "days_above_limit_counter": 8,
            "days_above_limit_cleaned": 0.0,
            "days_above_limit_cleaned_counter": 8
        },
        "2014": {
            "year_average": 197.0,
            "year_average_counter": 9,
            "days_above_limit": 97.0,
            "days_above_limit_counter": 9,
            "days_above_limit_cleaned": 0.0,
            "days_above_limit_cleaned_counter": 9
        },
        "2015": {
            "year_average": 182.0,
            "year_average_counter": 9,
            "days_above_limit": 129.0,
            "days_above_limit_counter": 9,
            "days_above_limit_cleaned": 0.0,
            "days_above_limit_cleaned_counter": 9
        },
        "2016": {
            "year_average": 145.0,
            "year_average_counter": 8,
            "days_above_limit": 17.0,
            "days_above_limit_counter": 8,
            "days_above_limit_cleaned": 0.0,
            "days_above_limit_cleaned_counter": 8
        },
        "2017": {
            "year_average": 121.0,
            "year_average_counter": 7,
            "days_above_limit": 42.0,
            "days_above_limit_counter": 7,
            "days_above_limit_cleaned": 0.0,
            "days_above_limit_cleaned_counter": 7
        },
        "2018": {
            "year_average": 163.0,
            "year_average_counter": 9,
            "days_above_limit": 52.0,
            "days_above_limit_counter": 9,
            "days_above_limit_cleaned": 0.0,
            "days_above_limit_cleaned_counter": 9
        },
        "2019": {
            "year_average": 158.0,
            "year_average_counter": 9,
            "days_above_limit": 60.0,
            "days_above_limit_counter": 9,
            "days_above_limit_cleaned": 0.0,
            "days_above_limit_cleaned_counter": 9
        },
        "2020": {
            "year_average": 146.0,
            "year_average_counter": 10,
            "days_above_limit": 8.0,
            "days_above_limit_counter": 10,
            "days_above_limit_cleaned": 0.0,
            "days_above_limit_cleaned_counter": 10
        }
    },
    "Thüringen": {
        "2002": {
            "year_average": 769.0,
            "year_average_counter": 27,
            "days_above_limit": 855.0,
            "days_above_limit_counter": 27,
            "days_above_limit_cleaned": 0.0,
            "days_above_limit_cleaned_counter": 27
        },
        "2003": {
            "year_average": 610.0,
            "year_average_counter": 22,
            "days_above_limit": 673.0,
            "days_above_limit_counter": 22,
            "days_above_limit_cleaned": 0.0,
            "days_above_limit_cleaned_counter": 22
        },
        "2004": {
            "year_average": 429.0,
            "year_average_counter": 20,
            "days_above_limit": 189.0,
            "days_above_limit_counter": 20,
            "days_above_limit_cleaned": 0.0,
            "days_above_limit_cleaned_counter": 20
        },
        "2005": {
            "year_average": 485.0,
            "year_average_counter": 20,
            "days_above_limit": 337.0,
            "days_above_limit_counter": 20,
            "days_above_limit_cleaned": 0.0,
            "days_above_limit_cleaned_counter": 20
        },
        "2006": {
            "year_average": 605.0,
            "year_average_counter": 23,
            "days_above_limit": 605.0,
            "days_above_limit_counter": 23,
            "days_above_limit_cleaned": 0.0,
            "days_above_limit_cleaned_counter": 23
        },
        "2007": {
            "year_average": 530.0,
            "year_average_counter": 24,
            "days_above_limit": 300.0,
            "days_above_limit_counter": 24,
            "days_above_limit_cleaned": 0.0,
            "days_above_limit_cleaned_counter": 24
        },
        "2008": {
            "year_average": 537.0,
            "year_average_counter": 25,
            "days_above_limit": 193.0,
            "days_above_limit_counter": 25,
            "days_above_limit_cleaned": 0.0,
            "days_above_limit_cleaned_counter": 25
        },
        "2009": {
            "year_average": 537.0,
            "year_average_counter": 23,
            "days_above_limit": 472.0,
            "days_above_limit_counter": 23,
            "days_above_limit_cleaned": 0.0,
            "days_above_limit_cleaned_counter": 23
        },
        "2010": {
            "year_average": 484.0,
            "year_average_counter": 21,
            "days_above_limit": 471.0,
            "days_above_limit_counter": 21,
            "days_above_limit_cleaned": 0.0,
            "days_above_limit_cleaned_counter": 21
        },
        "2011": {
            "year_average": 493.0,
            "year_average_counter": 22,
            "days_above_limit": 515.0,
            "days_above_limit_counter": 22,
            "days_above_limit_cleaned": 0.0,
            "days_above_limit_cleaned_counter": 22
        },
        "2012": {
            "year_average": 425.0,
            "year_average_counter": 22,
            "days_above_limit": 278.0,
            "days_above_limit_counter": 22,
            "days_above_limit_cleaned": 0.0,
            "days_above_limit_cleaned_counter": 22
        },
        "2013": {
            "year_average": 383.0,
            "year_average_counter": 20,
            "days_above_limit": 241.0,
            "days_above_limit_counter": 20,
            "days_above_limit_cleaned": 36.0,
            "days_above_limit_cleaned_counter": 20
        },
        "2014": {
            "year_average": 382.0,
            "year_average_counter": 20,
            "days_above_limit": 288.0,
            "days_above_limit_counter": 20,
            "days_above_limit_cleaned": 0.0,
            "days_above_limit_cleaned_counter": 20
        },
        "2015": {
            "year_average": 348.0,
            "year_average_counter": 20,
            "days_above_limit": 139.0,
            "days_above_limit_counter": 20,
            "days_above_limit_cleaned": 0.0,
            "days_above_limit_cleaned_counter": 20
        },
        "2016": {
            "year_average": 288.8,
            "year_average_counter": 19,
            "days_above_limit": 68.0,
            "days_above_limit_counter": 19,
            "days_above_limit_cleaned": 0.0,
            "days_above_limit_cleaned_counter": 19
        },
        "2017": {
            "year_average": 292.2,
            "year_average_counter": 20,
            "days_above_limit": 125.0,
            "days_above_limit_counter": 20,
            "days_above_limit_cleaned": 0.0,
            "days_above_limit_cleaned_counter": 20
        },
        "2018": {
            "year_average": 325.0,
            "year_average_counter": 19,
            "days_above_limit": 100.0,
            "days_above_limit_counter": 19,
            "days_above_limit_cleaned": 0.0,
            "days_above_limit_cleaned_counter": 19
        },
        "2019": {
            "year_average": 276.4,
            "year_average_counter": 20,
            "days_above_limit": 31.0,
            "days_above_limit_counter": 20,
            "days_above_limit_cleaned": 0.0,
            "days_above_limit_cleaned_counter": 20
        },
        "2020": {
            "year_average": 266.7,
            "year_average_counter": 20,
            "days_above_limit": 14.0,
            "days_above_limit_counter": 20,
            "days_above_limit_cleaned": 0.0,
            "days_above_limit_cleaned_counter": 20
        }
    }
}