{
    "Baden-Württemberg": {
        "1992": {
            "government": [
                "cdu_csu",
                "spd"
            ]
        },
        "1996": {
            "government": [
                "cdu_csu",
                "fdp"
            ],
            "date": "24.03.1996",
            "eligible_voters": 7189906,
            "valid_votes": 4784129,
            "cdu_csu": 1974619,
            "spd": 1199123,
            "grüne": 580801,
            "fdp": 458478,
            "linke": 0,
            "afd": 0,
            "other": 571108
        },
        "2001": {
            "government": [
                "cdu_csu",
                "fdp"
            ],
            "date": "25.03.2001",
            "eligible_voters": 7313844,
            "valid_votes": 4530763,
            "cdu_csu": 2029806,
            "spd": 1508358,
            "grüne": 350383,
            "fdp": 367580,
            "linke": 0,
            "afd": 0,
            "other": 274636
        },
        "2006": {
            "government": [
                "cdu_csu",
                "fdp"
            ],
            "date": "26.03.2006",
            "eligible_voters": 7516919,
            "valid_votes": 3960615,
            "cdu_csu": 1748766,
            "spd": 996207,
            "grüne": 462889,
            "fdp": 421994,
            "linke": 0,
            "afd": 0,
            "other": 330759
        },
        "2011": {
            "government": [
                "grüne",
                "spd"
            ],
            "date": "27.03.2011",
            "eligible_voters": 7622873,
            "valid_votes": 4983719,
            "cdu_csu": 1943912,
            "spd": 1152594,
            "grüne": 1206182,
            "fdp": 262784,
            "linke": 139700,
            "afd": 0,
            "other": 278547
        },
        "2016": {
            "government": [
                "grüne",
                "cdu_csu"
            ],
            "date": "13.03.2016",
            "eligible_voters": 7683464,
            "valid_votes": 5361250,
            "cdu_csu": 1447462,
            "spd": 679727,
            "grüne": 1623107,
            "fdp": 445498,
            "linke": 156240,
            "afd": 809564,
            "other": 199652
        },
        "2021": {
            "government": [
                "grüne",
                "cdu_csu"
            ],
            "date": "14.03.2021",
            "eligible_voters": 7671039,
            "valid_votes": 4859651,
            "cdu_csu": 1168975,
            "spd": 535489,
            "grüne": 1586192,
            "fdp": 508429,
            "linke": 173317,
            "afd": 473485,
            "other": 413764
        }
    },
    "Bayern": {
        "1990": {
            "government": [
                "cdu_csu"
            ]
        },
        "1994": {
            "government": [
                "cdu_csu"
            ]
        },
        "1998": {
            "government": [
                "cdu_csu"
            ],
            "date": "13.09.1998",
            "eligible_voters": 8846155,
            "valid_votes": 6093455,
            "cdu_csu": 3223882,
            "spd": 1750950,
            "grüne": 346228,
            "fdp": 100894,
            "linke": 0,
            "afd": 0,
            "other": 671501
        },
        "2003": {
            "government": [
                "cdu_csu"
            ],
            "date": "21.09.2003",
            "eligible_voters": 9108516,
            "valid_votes": 5124368,
            "cdu_csu": 3108932,
            "spd": 1006133,
            "grüne": 396525,
            "fdp": 131866,
            "linke": 0,
            "afd": 0,
            "other": 480912
        },
        "2008": {
            "government": [
                "cdu_csu",
                "fdp"
            ],
            "date": "28.09.2008",
            "eligible_voters": 9321417,
            "valid_votes": 5306138,
            "cdu_csu": 2301980,
            "spd": 986219,
            "grüne": 499556,
            "fdp": 423614,
            "linke": 230878,
            "afd": 0,
            "other": 863893
        },
        "2013": {
            "government": [
                "cdu_csu"
            ],
            "date": "15.09.2013",
            "eligible_voters": 9442013,
            "valid_votes": 5910896,
            "cdu_csu": 2818213,
            "spd": 1218701,
            "grüne": 509687,
            "fdp": 195019,
            "linke": 125549,
            "afd": 0,
            "other": 1043729
        },
        "2018": {
            "government": [
                "cdu_csu",
                "other"
            ],
            "date": "14.10.2018",
            "eligible_voters": 9479428,
            "valid_votes": 6782374,
            "cdu_csu": 2523041,
            "spd": 654539,
            "grüne": 1196178,
            "fdp": 345250,
            "linke": 218944,
            "afd": 694311,
            "other": 1150112
        }
    },
    "Berlin": {
        "1990": {
            "government": [
                "cdu_csu",
                "spd"
            ]
        },
        "1995": {
            "government": [
                "cdu_csu",
                "spd"
            ],
            "date": "22.10.1995",
            "eligible_voters": 2479735,
            "valid_votes": 1669186,
            "cdu_csu": 625005,
            "spd": 393245,
            "grüne": 219990,
            "fdp": 42391,
            "linke": 244196,
            "afd": 0,
            "other": 144359
        },
        "1999": {
            "government": [
                "cdu_csu",
                "spd"
            ],
            "date": "10.10.1999",
            "eligible_voters": 2414493,
            "valid_votes": 1563576,
            "cdu_csu": 637311,
            "spd": 349731,
            "grüne": 155322,
            "fdp": 34280,
            "linke": 276869,
            "afd": 0,
            "other": 110063
        },
        "2001": {
            "government": [
                "spd",
                "linke"
            ],
            "date": "21.10.2001",
            "eligible_voters": 2417574,
            "valid_votes": 1623338,
            "cdu_csu": 385692,
            "spd": 481772,
            "grüne": 148066,
            "fdp": 160953,
            "linke": 366292,
            "afd": 0,
            "other": 80563
        },
        "2006": {
            "government": [
                "spd",
                "linke"
            ],
            "date": "17.09.2006",
            "eligible_voters": 2425480,
            "valid_votes": 1377355,
            "cdu_csu": 294026,
            "spd": 424054,
            "grüne": 180865,
            "fdp": 104584,
            "linke": 185185,
            "afd": 0,
            "other": 188641
        },
        "2011": {
            "government": [
                "spd",
                "cdu_csu"
            ],
            "date": "18.09.2011",
            "eligible_voters": 2469716,
            "valid_votes": 1461185,
            "cdu_csu": 341158,
            "spd": 413332,
            "grüne": 257063,
            "fdp": 26943,
            "linke": 171050,
            "afd": 0,
            "other": 251639
        },
        "2016": {
            "government": [
                "spd",
                "grüne",
                "linke"
            ],
            "date": "18.09.2016",
            "eligible_voters": 2485379,
            "valid_votes": 1635169,
            "cdu_csu": 287997,
            "spd": 352430,
            "grüne": 248324,
            "fdp": 109500,
            "linke": 255701,
            "afd": 231492,
            "other": 149725
        },
        "2021": {
            "government": [
                "spd",
                "grüne",
                "linke"
            ]
        }
    },
    "Brandenburg": {
        "1990": {
            "government": [
                "spd",
                "fdp",
                "grüne"
            ]
        },
        "1994": {
            "government": [
                "spd"
            ],
            "date": "11.09.1994",
            "eligible_voters": 1933680,
            "valid_votes": 1072019,
            "cdu_csu": 200700,
            "spd": 580422,
            "grüne": 31033,
            "fdp": 23541,
            "linke": 200628,
            "afd": 0,
            "other": 35695
        },
        "1999": {
            "government": [
                "spd",
                "cdu_csu"
            ],
            "date": "05.09.1999",
            "eligible_voters": 2056834,
            "valid_votes": 1102360,
            "cdu_csu": 292634,
            "spd": 433521,
            "grüne": 21410,
            "fdp": 20472,
            "linke": 257309,
            "afd": 0,
            "other": 77014
        },
        "2002": {
            "government": [
                "spd",
                "cdu_csu"
            ]
        },
        "2004": {
            "government": [
                "spd",
                "cdu_csu"
            ],
            "date": "19.09.2004",
            "eligible_voters": 2117145,
            "valid_votes": 1168909,
            "cdu_csu": 227062,
            "spd": 372942,
            "grüne": 42091,
            "fdp": 38890,
            "linke": 326801,
            "afd": 0,
            "other": 161123
        },
        "2009": {
            "government": [
                "spd",
                "linke"
            ],
            "date": "27.09.2009",
            "eligible_voters": 2126357,
            "valid_votes": 1388722,
            "cdu_csu": 274825,
            "spd": 458840,
            "grüne": 78550,
            "fdp": 100123,
            "linke": 377112,
            "afd": 0,
            "other": 99272
        },
        "2013": {
            "government": [
                "spd",
                "linke"
            ]
        },
        "2014": {
            "government": [
                "spd",
                "linke"
            ],
            "date": "14.09.2014",
            "eligible_voters": 2094458,
            "valid_votes": 987321,
            "cdu_csu": 226835,
            "spd": 315202,
            "grüne": 60767,
            "fdp": 14376,
            "linke": 183178,
            "afd": 120077,
            "other": 66886
        },
        "2019": {
            "government": [
                "spd",
                "cdu_csu",
                "grüne"
            ],
            "date": "01.09.2019",
            "eligible_voters": 2088592,
            "valid_votes": 1265106,
            "cdu_csu": 196988,
            "spd": 331238,
            "grüne": 136364,
            "fdp": 51660,
            "linke": 135558,
            "afd": 297484,
            "other": 115814
        }
    },
    "Bremen": {
        "1991": {
            "government": [
                "spd",
                "fdp",
                "grüne"
            ]
        },
        "1995": {
            "government": [
                "spd",
                "cdu_csu"
            ],
            "date": "14.05.1995",
            "eligible_voters": 507084,
            "valid_votes": 344440,
            "cdu_csu": 112301,
            "spd": 115001,
            "grüne": 44977,
            "fdp": 11607,
            "linke": 8174,
            "afd": 0,
            "other": 52380
        },
        "1999": {
            "government": [
                "spd",
                "cdu_csu"
            ],
            "date": "06.06.1999",
            "eligible_voters": 488812,
            "valid_votes": 291091,
            "cdu_csu": 108050,
            "spd": 123875,
            "grüne": 25958,
            "fdp": 7327,
            "linke": 8418,
            "afd": 0,
            "other": 17463
        },
        "2003": {
            "government": [
                "spd",
                "cdu_csu"
            ],
            "date": "25.05.2003",
            "eligible_voters": 481743,
            "valid_votes": 291766,
            "cdu_csu": 86819,
            "spd": 123480,
            "grüne": 37350,
            "fdp": 12294,
            "linke": 4885,
            "afd": 0,
            "other": 26938
        },
        "2007": {
            "government": [
                "spd",
                "grüne"
            ],
            "date": "13.05.2007",
            "eligible_voters": 486103,
            "valid_votes": 275816,
            "cdu_csu": 70728,
            "spd": 101290,
            "grüne": 45493,
            "fdp": 16486,
            "linke": 23282,
            "afd": 0,
            "other": 18537
        },
        "2011": {
            "government": [
                "spd",
                "grüne"
            ],
            "date": "22.05.2011",
            "eligible_voters": 494167,
            "valid_votes": 1309355,
            "cdu_csu": 266483,
            "spd": 505348,
            "grüne": 293993,
            "fdp": 31176,
            "linke": 73769,
            "afd": 0,
            "other": 138586
        },
        "2015": {
            "government": [
                "spd",
                "grüne"
            ],
            "date": "10.05.2015",
            "eligible_voters": 487599,
            "valid_votes": 1168352,
            "cdu_csu": 261929,
            "spd": 383509,
            "grüne": 176807,
            "fdp": 76754,
            "linke": 111485,
            "afd": 64368,
            "other": 93500
        },
        "2019": {
            "government": [
                "spd",
                "grüne",
                "linke"
            ],
            "date": "26.05.2019",
            "eligible_voters": 475482,
            "valid_votes": 1469506,
            "cdu_csu": 391709,
            "spd": 366375,
            "grüne": 256181,
            "fdp": 87420,
            "linke": 166378,
            "afd": 89939,
            "other": 111504
        }
    },
    "Hamburg": {
        "1993": {
            "government": [
                "spd"
            ]
        },
        "1997": {
            "government": [
                "spd",
                "cdu_csu"
            ],
            "date": "21.09.1997",
            "eligible_voters": 1211288,
            "valid_votes": 822931,
            "cdu_csu": 252354,
            "spd": 298218,
            "grüne": 114776,
            "fdp": 28664,
            "linke": 5354,
            "afd": 0,
            "other": 123565
        },
        "2001": {
            "government": [
                "cdu_csu",
                "fdp",
                "other"
            ],
            "date": "23.09.2001",
            "eligible_voters": 1207495,
            "valid_votes": 850668,
            "cdu_csu": 223015,
            "spd": 310362,
            "grüne": 72771,
            "fdp": 43214,
            "linke": 0,
            "afd": 0,
            "other": 201306
        },
        "2004": {
            "government": [
                "cdu_csu"
            ],
            "date": "29.02.2004",
            "eligible_voters": 1214935,
            "valid_votes": 824128,
            "cdu_csu": 389170,
            "spd": 251441,
            "grüne": 101227,
            "fdp": 23373,
            "linke": 0,
            "afd": 0,
            "other": 58917
        },
        "2008": {
            "government": [
                "cdu_csu",
                "grüne"
            ],
            "date": "27.02.2008",
            "eligible_voters": 1237397,
            "valid_votes": 777531,
            "cdu_csu": 331067,
            "spd": 265516,
            "grüne": 74472,
            "fdp": 36953,
            "linke": 50132,
            "afd": 0,
            "other": 19391
        },
        "2011": {
            "government": [
                "spd"
            ],
            "date": "20.02.2011",
            "eligible_voters": 1254638,
            "valid_votes": 3444602,
            "cdu_csu": 753805,
            "spd": 1667804,
            "grüne": 384502,
            "fdp": 229125,
            "linke": 220428,
            "afd": 0,
            "other": 188938
        },
        "2015": {
            "government": [
                "spd",
                "grüne"
            ],
            "date": "15.02.2015",
            "eligible_voters": 1299411,
            "valid_votes": 3530097,
            "cdu_csu": 561377,
            "spd": 1611274,
            "grüne": 432713,
            "fdp": 262157,
            "linke": 300567,
            "afd": 214833,
            "other": 147176
        },
        "2020": {
            "government": [
                "spd",
                "grüne"
            ],
            "date": "23.02.2020",
            "eligible_voters": 1316691,
            "valid_votes": 4062376,
            "cdu_csu": 453717,
            "spd": 1593825,
            "grüne": 981628,
            "fdp": 202059,
            "linke": 368683,
            "afd": 215306,
            "other": 247158
        }
    },
    "Hessen": {
        "1991": {
            "government": [
                "spd",
                "grüne"
            ]
        },
        "1995": {
            "government": [
                "spd",
                "grüne"
            ],
            "date": "19.02.1995",
            "eligible_voters": 4275027,
            "valid_votes": 2768821,
            "cdu_csu": 1084146,
            "spd": 1051452,
            "grüne": 309897,
            "fdp": 206173,
            "linke": 0,
            "afd": 0,
            "other": 117153
        },
        "1999": {
            "government": [
                "cdu_csu",
                "fdp"
            ],
            "date": "07.02.1999",
            "eligible_voters": 4282397,
            "valid_votes": 2800372,
            "cdu_csu": 1215783,
            "spd": 1102544,
            "grüne": 201194,
            "fdp": 142845,
            "linke": 0,
            "afd": 0,
            "other": 138006
        },
        "2003": {
            "government": [
                "cdu_csu"
            ],
            "date": "02.02.2003",
            "eligible_voters": 4330792,
            "valid_votes": 2734992,
            "cdu_csu": 1333863,
            "spd": 795576,
            "grüne": 276276,
            "fdp": 216110,
            "linke": 0,
            "afd": 0,
            "other": 113167
        },
        "2008": {
            "government": [
                "cdu_csu"
            ],
            "date": "27.01.2008",
            "eligible_voters": 4370463,
            "valid_votes": 2742959,
            "cdu_csu": 1009775,
            "spd": 1006264,
            "grüne": 206610,
            "fdp": 258550,
            "linke": 140769,
            "afd": 0,
            "other": 120991
        },
        "2009": {
            "government": [
                "cdu_csu",
                "fdp"
            ],
            "date": "18.01.2009",
            "eligible_voters": 4375286,
            "valid_votes": 2591872,
            "cdu_csu": 963763,
            "spd": 614648,
            "grüne": 356040,
            "fdp": 420426,
            "linke": 139074,
            "afd": 0,
            "other": 97921
        },
        "2013": {
            "government": [
                "cdu_csu",
                "grüne"
            ],
            "date": "22.09.2013",
            "eligible_voters": 4392213,
            "valid_votes": 3130781,
            "cdu_csu": 1199633,
            "spd": 961896,
            "grüne": 348661,
            "fdp": 157451,
            "linke": 161488,
            "afd": 126906,
            "other": 174746
        },
        "2018": {
            "government": [
                "cdu_csu",
                "grüne"
            ],
            "date": "28.10.2018",
            "eligible_voters": 4372788,
            "valid_votes": 2881261,
            "cdu_csu": 776910,
            "spd": 570446,
            "grüne": 570512,
            "fdp": 215946,
            "linke": 181332,
            "afd": 378692,
            "other": 187423
        }
    },
    "Mecklenburg-Vorpommern": {
        "1990": {
            "government": [
                "cdu_csu",
                "fdp"
            ]
        },
        "1994": {
            "government": [
                "cdu_csu",
                "spd"
            ]
        },
        "1998": {
            "government": [
                "spd",
                "other"
            ],
            "date": "27.09.1998",
            "eligible_voters": 1404552,
            "valid_votes": 1084611,
            "cdu_csu": 327948,
            "spd": 371885,
            "grüne": 29240,
            "fdp": 17062,
            "linke": 264299,
            "afd": 0,
            "other": 74177
        },
        "2002": {
            "government": [
                "spd",
                "other"
            ],
            "date": "22.09.2002",
            "eligible_voters": 1408355,
            "valid_votes": 970031,
            "cdu_csu": 304125,
            "spd": 394118,
            "grüne": 25402,
            "fdp": 45676,
            "linke": 159065,
            "afd": 0,
            "other": 41645
        },
        "2006": {
            "government": [
                "cdu_csu",
                "spd"
            ],
            "date": "17.09.2006",
            "eligible_voters": 1415321,
            "valid_votes": 818061,
            "cdu_csu": 235350,
            "spd": 247312,
            "grüne": 27642,
            "fdp": 78440,
            "linke": 137253,
            "afd": 0,
            "other": 92064
        },
        "2011": {
            "government": [
                "spd",
                "cdu_csu"
            ],
            "date": "04.09.2011",
            "eligible_voters": 1373932,
            "valid_votes": 681375,
            "cdu_csu": 156969,
            "spd": 242251,
            "grüne": 59004,
            "fdp": 18943,
            "linke": 125528,
            "afd": 0,
            "other": 78680
        },
        "2016": {
            "government": [
                "spd",
                "cdu_csu"
            ],
            "date": "04.09.2016",
            "eligible_voters": 1328320,
            "valid_votes": 806419,
            "cdu_csu": 153115,
            "spd": 246395,
            "grüne": 38836,
            "fdp": 24521,
            "linke": 106256,
            "afd": 167852,
            "other": 69444
        },
        "2021": {
            "government": [
                "spd",
                "linke"
            ]
        }
    },
    "Niedersachsen": {
        "1990": {
            "government": [
                "spd",
                "grüne"
            ]
        },
        "1994": {
            "government": [
                "spd"
            ]
        },
        "1998": {
            "government": [
                "spd"
            ]
        },
        "2003": {
            "government": [
                "cdu_csu",
                "fdp"
            ]
        },
        "2008": {
            "government": [
                "cdu_csu",
                "fdp"
            ]
        },
        "2013": {
            "government": [
                "spd",
                "grüne"
            ]
        },
        "2017": {
            "government": [
                "spd",
                "cdu_csu"
            ]
        }
    },
    "Nordrhein-Westfalen": {
        "1990": {
            "government": [
                "spd"
            ]
        },
        "1995": {
            "government": [
                "spd",
                "grüne"
            ],
            "date": "14.05.1995",
            "eligible_voters": 13041964,
            "valid_votes": 8294235,
            "cdu_csu": 3124758,
            "spd": 3816639,
            "grüne": 830861,
            "fdp": 332634,
            "linke": 0,
            "afd": 0,
            "other": 189343
        },
        "2000": {
            "government": [
                "spd",
                "grüne"
            ],
            "date": "14.05.2000",
            "eligible_voters": 13061265,
            "valid_votes": 7336411,
            "cdu_csu": 2712176,
            "spd": 3143179,
            "grüne": 518295,
            "fdp": 721558,
            "linke": 79934,
            "afd": 0,
            "other": 161269
        },
        "2005": {
            "government": [
                "cdu_csu",
                "fdp"
            ],
            "date": "22.05.2005",
            "eligible_voters": 13230366,
            "valid_votes": 8244014,
            "cdu_csu": 3696506,
            "spd": 3058988,
            "grüne": 509293,
            "fdp": 508266,
            "linke": 72989,
            "afd": 0,
            "other": 397972
        },
        "2010": {
            "government": [
                "spd",
                "grüne"
            ],
            "date": "09.05.2010",
            "eligible_voters": 13267052,
            "valid_votes": 7760546,
            "cdu_csu": 2681700,
            "spd": 2675818,
            "grüne": 941162,
            "fdp": 522229,
            "linke": 435627,
            "afd": 0,
            "other": 504010
        },
        "2012": {
            "government": [
                "spd",
                "grüne"
            ],
            "date": "13.05.2012",
            "eligible_voters": 13262049,
            "valid_votes": 7793995,
            "cdu_csu": 2050321,
            "spd": 3049983,
            "grüne": 884298,
            "fdp": 670082,
            "linke": 194428,
            "afd": 0,
            "other": 944883
        },
        "2017": {
            "government": [
                "cdu_csu",
                "fdp"
            ],
            "date": "14.05.2017",
            "eligible_voters": 13164887,
            "valid_votes": 8487413,
            "cdu_csu": 2796683,
            "spd": 2649205,
            "grüne": 539062,
            "fdp": 1065307,
            "linke": 415936,
            "afd": 626756,
            "other": 394464
        }
    },
    "Rheinland-Pfalz": {
        "1991": {
            "government": [
                "spd",
                "fdp"
            ]
        },
        "1996": {
            "government": [
                "spd",
                "fdp"
            ],
            "date": "24.03.1996",
            "eligible_voters": 2987099,
            "valid_votes": 2063726,
            "cdu_csu": 798166,
            "spd": 821539,
            "grüne": 142665,
            "fdp": 184426,
            "linke": 0,
            "afd": 0,
            "other": 116930
        },
        "2001": {
            "government": [
                "spd",
                "fdp"
            ],
            "date": "25.03.2001",
            "eligible_voters": 3025090,
            "valid_votes": 1833846,
            "cdu_csu": 647238,
            "spd": 820610,
            "grüne": 95567,
            "fdp": 143427,
            "linke": 0,
            "afd": 0,
            "other": 127004
        },
        "2006": {
            "government": [
                "spd"
            ],
            "date": "26.03.2006",
            "eligible_voters": 3075577,
            "valid_votes": 1753110,
            "cdu_csu": 574329,
            "spd": 799377,
            "grüne": 81411,
            "fdp": 140865,
            "linke": 0,
            "afd": 0,
            "other": 157128
        },
        "2011": {
            "government": [
                "spd",
                "grüne"
            ],
            "date": "27.03.2011",
            "eligible_voters": 3088199,
            "valid_votes": 1868187,
            "cdu_csu": 658474,
            "spd": 666817,
            "grüne": 288489,
            "fdp": 79343,
            "linke": 56054,
            "afd": 0,
            "other": 119010
        },
        "2016": {
            "government": [
                "spd",
                "grüne",
                "fdp"
            ],
            "date": "13.03.2016",
            "eligible_voters": 3071972,
            "valid_votes": 2130621,
            "cdu_csu": 677507,
            "spd": 771848,
            "grüne": 113261,
            "fdp": 132294,
            "linke": 59970,
            "afd": 268628,
            "other": 107113
        },
        "2021": {
            "government": [
                "spd",
                "grüne",
                "fdp"
            ],
            "date": "14.03.2021",
            "eligible_voters": 3042414,
            "valid_votes": 1934879,
            "cdu_csu": 535318,
            "spd": 690962,
            "grüne": 179860,
            "fdp": 106809,
            "linke": 48206,
            "afd": 160293,
            "other": 213431
        }
    },
    "Saarland": {
        "1990": {
            "government": [
                "spd"
            ]
        },
        "1994": {
            "government": [
                "spd"
            ],
            "date": "16.10.1994",
            "eligible_voters": 835686,
            "valid_votes": 688880,
            "cdu_csu": 265871,
            "spd": 340091,
            "grüne": 38087,
            "fdp": 14206,
            "linke": 0,
            "afd": 0,
            "other": 30625
        },
        "1999": {
            "government": [
                "cdu_csu"
            ],
            "date": "05.09.1999",
            "eligible_voters": 822810,
            "valid_votes": 557337,
            "cdu_csu": 253856,
            "spd": 247311,
            "grüne": 18106,
            "fdp": 14259,
            "linke": 4490,
            "afd": 0,
            "other": 19315
        },
        "2004": {
            "government": [
                "cdu_csu"
            ],
            "date": "05.09.2004",
            "eligible_voters": 816032,
            "valid_votes": 441628,
            "cdu_csu": 209690,
            "spd": 136224,
            "grüne": 24830,
            "fdp": 22842,
            "linke": 10240,
            "afd": 0,
            "other": 37802
        },
        "2009": {
            "government": [
                "cdu_csu",
                "grüne",
                "fdp"
            ],
            "date": "30.08.2009",
            "eligible_voters": 804622,
            "valid_votes": 534793,
            "cdu_csu": 184537,
            "spd": 131241,
            "grüne": 31516,
            "fdp": 49064,
            "linke": 113664,
            "afd": 0,
            "other": 24771
        },
        "2012": {
            "government": [
                "cdu_csu",
                "spd"
            ],
            "date": "25.03.2012",
            "eligible_voters": 797512,
            "valid_votes": 481294,
            "cdu_csu": 169617,
            "spd": 147170,
            "grüne": 24252,
            "fdp": 5871,
            "linke": 77612,
            "afd": 0,
            "other": 56772
        },
        "2017": {
            "government": [
                "cdu_csu",
                "spd"
            ],
            "date": "26.03.2017",
            "eligible_voters": 774951,
            "valid_votes": 533783,
            "cdu_csu": 217263,
            "spd": 158057,
            "grüne": 21392,
            "fdp": 17419,
            "linke": 68566,
            "afd": 32971,
            "other": 18115
        }
    },
    "Sachsen": {
        "1990": {
            "government": [
                "cdu_csu"
            ]
        },
        "1994": {
            "government": [
                "cdu_csu"
            ],
            "date": "11.09.1994",
            "eligible_voters": 3586160,
            "valid_votes": 2063782,
            "cdu_csu": 1199883,
            "spd": 342706,
            "grüne": 85485,
            "fdp": 36075,
            "linke": 339619,
            "afd": 0,
            "other": 60014
        },
        "1999": {
            "government": [
                "cdu_csu"
            ],
            "date": "19.09.1999",
            "eligible_voters": 3592456,
            "valid_votes": 2164072,
            "cdu_csu": 1231254,
            "spd": 232311,
            "grüne": 55609,
            "fdp": 23369,
            "linke": 480317,
            "afd": 0,
            "other": 141212
        },
        "2004": {
            "government": [
                "cdu_csu",
                "spd"
            ],
            "date": "19.09.2004",
            "eligible_voters": 3554542,
            "valid_votes": 2080135,
            "cdu_csu": 855203,
            "spd": 204438,
            "grüne": 106771,
            "fdp": 122605,
            "linke": 490488,
            "afd": 0,
            "other": 300630
        },
        "2009": {
            "government": [
                "cdu_csu",
                "fdp"
            ],
            "date": "30.08.2009",
            "eligible_voters": 3510336,
            "valid_votes": 1797349,
            "cdu_csu": 722983,
            "spd": 187261,
            "grüne": 114963,
            "fdp": 178867,
            "linke": 370359,
            "afd": 0,
            "other": 222916
        },
        "2014": {
            "government": [
                "cdu_csu",
                "spd"
            ],
            "date": "31.08.2014",
            "eligible_voters": 3376627,
            "valid_votes": 1637499,
            "cdu_csu": 645414,
            "spd": 202396,
            "grüne": 93857,
            "fdp": 61840,
            "linke": 309581,
            "afd": 159611,
            "other": 164800
        },
        "2019": {
            "government": [
                "cdu_csu",
                "grüne",
                "spd"
            ],
            "date": "01.09.2019",
            "eligible_voters": 3288643,
            "valid_votes": 2166457,
            "cdu_csu": 695560,
            "spd": 167289,
            "grüne": 187015,
            "fdp": 97438,
            "linke": 224354,
            "afd": 595671,
            "other": 199130
        }
    },
    "Sachsen-Anhalt": {
        "1990": {
            "government": [
                "cdu_csu",
                "fdp"
            ]
        },
        "1994": {
            "government": [
                "spd",
                "grüne"
            ]
        },
        "1998": {
            "government": [
                "spd",
                "grüne"
            ],
            "date": "26.04.1998",
            "eligible_voters": 2148365,
            "valid_votes": 1495531,
            "cdu_csu": 329282,
            "spd": 536501,
            "grüne": 48542,
            "fdp": 63250,
            "linke": 293475,
            "afd": 0,
            "other": 224481
        },
        "2002": {
            "government": [
                "cdu_csu"
            ],
            "date": "21.04.2002",
            "eligible_voters": 2109428,
            "valid_votes": 1160985,
            "cdu_csu": 433521,
            "spd": 231732,
            "grüne": 22696,
            "fdp": 154145,
            "linke": 236484,
            "afd": 0,
            "other": 82407
        },
        "2006": {
            "government": [
                "cdu_csu",
                "spd"
            ],
            "date": "26.03.2006",
            "eligible_voters": 2078659,
            "valid_votes": 902254,
            "cdu_csu": 326721,
            "spd": 192754,
            "grüne": 32117,
            "fdp": 60209,
            "linke": 217295,
            "afd": 0,
            "other": 73158
        },
        "2011": {
            "government": [
                "spd",
                "cdu_csu"
            ],
            "date": "20.03.2011",
            "eligible_voters": 1988172,
            "valid_votes": 993502,
            "cdu_csu": 323019,
            "spd": 213611,
            "grüne": 70922,
            "fdp": 38173,
            "linke": 235011,
            "afd": 0,
            "other": 112766
        },
        "2016": {
            "government": [
                "cdu_csu",
                "spd",
                "grüne"
            ],
            "date": "13.03.2016",
            "eligible_voters": 1877649,
            "valid_votes": 1122877,
            "cdu_csu": 334139,
            "spd": 119368,
            "grüne": 58209,
            "fdp": 54565,
            "linke": 183290,
            "afd": 272496,
            "other": 100810
        },
        "2021": {
            "government": [
                "cdu_csu",
                "spd",
                "fdp"
            ],
            "date": "06.06.2021",
            "eligible_voters": 1788930,
            "valid_votes": 1063697,
            "cdu_csu": 394810,
            "spd": 89475,
            "grüne": 63145,
            "fdp": 68277,
            "linke": 116927,
            "afd": 221487,
            "other": 109576
        }
    },
    "Schleswig-Holstein": {
        "1992": {
            "government": [
                "spd"
            ]
        },
        "1996": {
            "government": [
                "spd",
                "grüne"
            ],
            "date": "24.03.1996",
            "eligible_voters": 2112522,
            "valid_votes": 1502088,
            "cdu_csu": 559107,
            "spd": 597751,
            "grüne": 121939,
            "fdp": 86227,
            "linke": 0,
            "afd": 0,
            "other": 137064
        },
        "2000": {
            "government": [
                "spd",
                "grüne"
            ],
            "date": "27.02.2000",
            "eligible_voters": 2135881,
            "valid_votes": 1464096,
            "cdu_csu": 515421,
            "spd": 630728,
            "grüne": 91389,
            "fdp": 111649,
            "linke": 20066,
            "afd": 0,
            "other": 94843
        },
        "2005": {
            "government": [
                "cdu_csu",
                "spd"
            ],
            "date": "20.02.2005",
            "eligible_voters": 2186620,
            "valid_votes": 1434805,
            "cdu_csu": 576095,
            "spd": 554879,
            "grüne": 89387,
            "fdp": 94935,
            "linke": 11392,
            "afd": 0,
            "other": 108117
        },
        "2009": {
            "government": [
                "cdu_csu",
                "fdp"
            ],
            "date": "27.09.2009",
            "eligible_voters": 2224100,
            "valid_votes": 1603406,
            "cdu_csu": 505612,
            "spd": 407643,
            "grüne": 199367,
            "fdp": 239338,
            "linke": 95764,
            "afd": 0,
            "other": 155682
        },
        "2012": {
            "government": [
                "spd",
                "grüne",
                "other"
            ],
            "date": "06.05.2012",
            "eligible_voters": 2239615,
            "valid_votes": 1328452,
            "cdu_csu": 408637,
            "spd": 404048,
            "grüne": 174953,
            "fdp": 108953,
            "linke": 29900,
            "afd": 0,
            "other": 201961
        },
        "2017": {
            "government": [
                "cdu_csu",
                "grüne",
                "fdp"
            ],
            "date": "07.05.2017",
            "eligible_voters": 2318022,
            "valid_votes": 1474508,
            "cdu_csu": 471460,
            "spd": 401806,
            "grüne": 190181,
            "fdp": 169037,
            "linke": 56018,
            "afd": 86711,
            "other": 99295
        }
    },
    "Thüringen": {
        "1990": {
            "government": [
                "cdu_csu",
                "fdp"
            ]
        },
        "1994": {
            "government": [
                "cdu_csu",
                "spd"
            ],
            "date": "16.10.1994",
            "eligible_voters": 1954248,
            "valid_votes": 1422671,
            "cdu_csu": 606016,
            "spd": 420487,
            "grüne": 64006,
            "fdp": 45737,
            "linke": 235742,
            "afd": 0,
            "other": 50683
        },
        "1999": {
            "government": [
                "cdu_csu"
            ],
            "date": "12.09.1999",
            "eligible_voters": 1965937,
            "valid_votes": 1161181,
            "cdu_csu": 592474,
            "spd": 214801,
            "grüne": 21617,
            "fdp": 13001,
            "linke": 247906,
            "afd": 0,
            "other": 71382
        },
        "2004": {
            "government": [
                "cdu_csu"
            ],
            "date": "13.06.2004",
            "eligible_voters": 1958041,
            "valid_votes": 1010578,
            "cdu_csu": 434088,
            "spd": 146297,
            "grüne": 45649,
            "fdp": 36483,
            "linke": 263717,
            "afd": 0,
            "other": 84344
        },
        "2009": {
            "government": [
                "cdu_csu",
                "spd"
            ],
            "date": "30.08.2009",
            "eligible_voters": 1910074,
            "valid_votes": 1054297,
            "cdu_csu": 329302,
            "spd": 195363,
            "grüne": 64912,
            "fdp": 80600,
            "linke": 288915,
            "afd": 0,
            "other": 95205
        },
        "2014": {
            "government": [
                "linke",
                "spd",
                "grüne"
            ],
            "date": "14.09.2014",
            "eligible_voters": 1812370,
            "valid_votes": 941719,
            "cdu_csu": 315104,
            "spd": 116889,
            "grüne": 53407,
            "fdp": 23359,
            "linke": 265428,
            "afd": 99545,
            "other": 67987
        },
        "2019": {
            "government": [
                "linke",
                "spd",
                "grüne"
            ],
            "date": "27.10.2019",
            "eligible_voters": 1729242,
            "valid_votes": 1108388,
            "cdu_csu": 241049,
            "spd": 90987,
            "grüne": 57474,
            "fdp": 55493,
            "linke": 343780,
            "afd": 259382,
            "other": 60223
        }
    }
}